mlbID,PA,k_rate,bb_rate,slg
405395,359,0.15598885793871867,0.07799442896935933,0.5428571428571428
408234,803,0.21793275217932753,0.07347447073474471,0.3337893296853625
425877,278,0.1510791366906475,0.017985611510791366,0.2962962962962963
429664,104,0.2403846153846154,0.038461538461538464,0.19
435559,159,0.18238993710691823,0.09433962264150944,0.2949640287769784
443558,659,0.2503793626707132,0.0834597875569044,0.35194585448392557
444482,1192,0.20385906040268456,0.06963087248322147,0.40404040404040403
444876,131,0.24427480916030533,0.03816793893129771,0.28225806451612906
446334,589,0.300509337860781,0.0899830220713073,0.41904761904761906
453568,1489,0.16789791806581597,0.07656145063801209,0.42227204783258593
455117,1161,0.33161068044788977,0.06373815676141258,0.32248803827751193
455139,220,0.30454545454545456,0.08636363636363636,0.28717948717948716
456715,156,0.23076923076923078,0.05128205128205128,0.23448275862068965
456781,1269,0.21591804570527975,0.07249802994483845,0.38165938864628823
457705,2119,0.2241623407267579,0.12128362435110901,0.38907103825136613
457708,57,0.40350877192982454,0.10526315789473684,0.20833333333333334
457759,1906,0.17523609653725078,0.0944386149003148,0.41377245508982036
458015,618,0.25728155339805825,0.11488673139158576,0.39433962264150946
462101,983,0.16581892166836215,0.06510681586978637,0.385038503850385
467793,2226,0.1761006289308176,0.11545372866127583,0.3926002055498458
474832,710,0.31971830985915495,0.13802816901408452,0.4242928452579035
476704,184,0.21195652173913043,0.08152173913043478,0.2634730538922156
488726,366,0.10382513661202186,0.10109289617486339,0.40923076923076923
488771,88,0.45454545454545453,0.09090909090909091,0.1794871794871795
493329,1093,0.13083257090576395,0.06678865507776761,0.351593625498008
500743,1621,0.11844540407156076,0.06107341147439852,0.35551075268817206
500871,862,0.24361948955916474,0.06960556844547564,0.4027777777777778
501303,149,0.2684563758389262,0.09395973154362416,0.21804511278195488
501571,62,0.24193548387096775,0.03225806451612903,0.25
501659,53,0.37735849056603776,0.03773584905660377,0.32
502054,2110,0.23459715639810427,0.09004739336492891,0.3908898305084746
502110,1606,0.2777085927770859,0.08904109589041095,0.47021723896285916
502671,2545,0.22789783889980353,0.09823182711198428,0.45969884853852966
503556,208,0.2644230769230769,0.0673076923076923,0.31891891891891894
506702,142,0.3591549295774648,0.09859154929577464,0.21774193548387097
514888,2471,0.1643059490084986,0.08822339133953865,0.47316193053676137
514917,617,0.1847649918962723,0.07293354943273905,0.31785714285714284
516416,774,0.15374677002583978,0.06330749354005168,0.33052039381153303
516782,1613,0.20272783632982022,0.05889646621202728,0.40122615803814715
518586,125,0.248,0.04,0.3620689655172414
518595,1319,0.24791508718726307,0.05913570887035633,0.43022295623451695
518626,779,0.27471116816431324,0.10654685494223363,0.37702503681885124
518692,2868,0.16736401673640167,0.1087866108786611,0.5122440786832597
518735,1024,0.2060546875,0.1025390625,0.3281767955801105
518792,891,0.19640852974186307,0.0819304152637486,0.39420654911838793
518934,1473,0.18058384249830278,0.10862186014935506,0.35962877030162416
519058,671,0.2533532041728763,0.07004470938897168,0.37251655629139074
519203,1419,0.19802677942212826,0.0923185341789993,0.406807131280389
519222,136,0.3382352941176471,0.029411764705882353,0.24806201550387597
519317,1734,0.3033448673587082,0.09746251441753172,0.4819121447028424
519390,191,0.24083769633507854,0.08900523560209424,0.32142857142857145
521692,2371,0.21299029945170814,0.04597216364403205,0.4453053783044667
527038,1761,0.1629755820556502,0.08745031232254401,0.4094689699296225
541645,549,0.29326047358834245,0.04371584699453552,0.32233009708737864
542194,817,0.25703794369645044,0.03671970624235006,0.38738738738738737
542208,189,0.21164021164021163,0.06878306878306878,0.35714285714285715
542303,2410,0.24149377593360996,0.10705394190871369,0.4809052333804809
542340,220,0.2681818181818182,0.06818181818181818,0.30198019801980197
542364,524,0.21183206106870228,0.12595419847328243,0.32657657657657657
542583,622,0.24115755627009647,0.05787781350482315,0.38028169014084506
542932,1027,0.20253164556962025,0.08081791626095423,0.35129310344827586
543063,858,0.23892773892773891,0.08741258741258741,0.3272010512483574
543068,910,0.25164835164835164,0.06593406593406594,0.45738295318127253
543228,808,0.20297029702970298,0.038366336633663366,0.372
543257,1165,0.2549356223175966,0.12703862660944207,0.3329979879275654
543281,539,0.16883116883116883,0.04452690166975881,0.3537832310838446
543305,842,0.23990498812351543,0.1342042755344418,0.3314840499306519
543309,1127,0.2484472049689441,0.055900621118012424,0.42392344497607654
543333,519,0.17148362235067438,0.08285163776493257,0.37130801687763715
543510,789,0.2458808618504436,0.051964512040557666,0.36527777777777776
543543,308,0.262987012987013,0.09090909090909091,0.3237410071942446
543592,638,0.16614420062695925,0.08934169278996865,0.28468468468468466
543685,614,0.15798045602605862,0.11563517915309446,0.3173076923076923
543760,2811,0.15652792600498044,0.08715759516186411,0.41775663892191833
543807,2555,0.1843444227005871,0.09706457925636008,0.44819919964428634
543829,59,0.13559322033898305,0.0,0.3559322033898305
543877,1329,0.19337848006019565,0.057938299473288185,0.33849918433931486
543939,751,0.1877496671105193,0.08655126498002663,0.3713850837138508
544369,232,0.15517241379310345,0.05603448275862069,0.3037383177570093
544725,315,0.20634920634920634,0.022222222222222223,0.26666666666666666
545121,932,0.09549356223175966,0.05150214592274678,0.3578088578088578
545341,1581,0.20872865275142316,0.056925996204933584,0.4481582537517053
545350,165,0.2727272727272727,0.04242424242424243,0.39869281045751637
545358,375,0.2986666666666667,0.10133333333333333,0.3033033033033033
545361,1543,0.29034348671419313,0.13091380427738172,0.5232646834477498
546318,197,0.2131979695431472,0.05583756345177665,0.3783783783783784
546991,235,0.19574468085106383,0.07234042553191489,0.3488372093023256
547180,2344,0.21245733788395904,0.12755972696245735,0.5164179104477612
547379,86,0.36046511627906974,0.12790697674418605,0.32
547989,1441,0.19153365718251214,0.0777238029146426,0.4029275808936826
553869,1542,0.2230869001297017,0.0648508430609598,0.37940761636107195
553882,521,0.18618042226487524,0.09213051823416507,0.2857142857142857
553902,55,0.05454545454545454,0.01818181818181818,0.2962962962962963
553993,2692,0.2990341753343239,0.09026745913818722,0.46134347275031684
570482,1443,0.1704781704781705,0.060291060291060294,0.3823088455772114
570731,661,0.2178517397881997,0.048411497730711045,0.31118314424635335
571448,2311,0.1367373431414972,0.07139766334919947,0.4439163498098859
571466,542,0.2785977859778598,0.0940959409594096,0.25413223140495866
571657,1498,0.20160213618157544,0.06141522029372497,0.38365243004418265
571745,923,0.28277356446370533,0.08342361863488625,0.3672248803827751
571771,1693,0.20555227406969875,0.07147076196101594,0.3609850939727803
571875,165,0.3212121212121212,0.08484848484848485,0.3783783783783784
571912,617,0.2771474878444084,0.08752025931928688,0.3314917127071823
571970,1988,0.25201207243460766,0.1574446680080483,0.4440344403444034
571976,457,0.32166301969365424,0.07439824945295405,0.3501199040767386
571980,342,0.29239766081871343,0.05555555555555555,0.4119496855345912
572008,93,0.3870967741935484,0.10752688172043011,0.14814814814814814
572039,139,0.34532374100719426,0.06474820143884892,0.3412698412698413
572041,671,0.19374068554396423,0.06110283159463487,0.37138263665594856
572138,523,0.26003824091778205,0.11663479923518165,0.3537117903930131
572191,1483,0.30950775455158464,0.07215104517869184,0.3662704309063893
572204,450,0.39111111111111113,0.13111111111111112,0.4103896103896104
572228,642,0.32087227414330216,0.09190031152647975,0.3855633802816901
572233,2595,0.22620423892100192,0.09210019267822736,0.46221057230231544
572287,263,0.4068441064638783,0.07984790874524715,0.3054393305439331
572761,560,0.2892857142857143,0.13392857142857142,0.44086021505376344
572816,455,0.16923076923076924,0.041758241758241756,0.382830626450116
573131,448,0.27232142857142855,0.12053571428571429,0.3307291666666667
573262,1971,0.23947234906139014,0.1095890410958904,0.41627906976744183
575929,1903,0.2375197057277982,0.09721492380451918,0.46116207951070337
578428,1149,0.1392515230635335,0.047867711053089644,0.3656927426955702
592178,712,0.21910112359550563,0.08567415730337079,0.370253164556962
592192,1657,0.18105009052504525,0.09474954737477369,0.37227304714989445
592200,397,0.23929471032745592,0.12090680100755667,0.27380952380952384
592206,2630,0.2376425855513308,0.055133079847908745,0.425010216591745
592273,1482,0.2388663967611336,0.06140350877192982,0.42783505154639173
592325,537,0.2309124767225326,0.12290502793296089,0.35974304068522484
592348,78,0.4230769230769231,0.0641025641025641,0.1388888888888889
592450,2670,0.2531835205992509,0.17715355805243446,0.6652700186219739
592518,2658,0.19789315274642588,0.08239277652370203,0.4811594202898551
592567,128,0.234375,0.125,0.3761467889908257
592626,1613,0.22256664600123993,0.11655300681959083,0.45474452554744527
592656,86,0.2441860465116279,0.12790697674418605,0.3108108108108108
592663,2222,0.23942394239423942,0.0666066606660666,0.4367873078829945
592669,1608,0.22014925373134328,0.07960199004975124,0.4209445585215606
592696,1128,0.24202127659574468,0.05939716312056738,0.375
592743,85,0.15294117647058825,0.08235294117647059,0.18666666666666668
592885,2310,0.23246753246753246,0.11991341991341992,0.4345445495271279
593160,1485,0.16026936026936026,0.07407407407407407,0.3637037037037037
593428,2349,0.17326521924223073,0.08131119625372499,0.41935483870967744
593643,249,0.15261044176706828,0.028112449799196786,0.3739495798319328
593871,1859,0.22700376546530393,0.10543302850995159,0.4265605875152999
593934,166,0.3674698795180723,0.10843373493975904,0.23776223776223776
594777,598,0.28929765886287623,0.06688963210702341,0.3431192660550459
594807,998,0.3106212424849699,0.06412825651302605,0.4208791208791209
594838,77,0.3116883116883117,0.025974025974025976,0.17567567567567569
595281,918,0.2570806100217865,0.06100217864923747,0.37292161520190026
595284,52,0.2692307692307692,0.09615384615384616,0.15555555555555556
595453,212,0.3113207547169811,0.08018867924528301,0.3541666666666667
595751,365,0.34794520547945207,0.03561643835616438,0.36151603498542273
595777,2298,0.15883376849434291,0.1122715404699739,0.4080604534005038
595879,1896,0.2389240506329114,0.03850210970464135,0.36114221724524076
595909,729,0.2784636488340192,0.06035665294924554,0.38130563798219586
595956,196,0.3010204081632653,0.03571428571428571,0.20540540540540542
595978,912,0.25219298245614036,0.07346491228070176,0.24025157232704403
596019,2888,0.18801939058171746,0.08898891966759002,0.47162426614481406
596059,629,0.23211446740858505,0.07790143084260731,0.35638297872340424
596103,906,0.2858719646799117,0.10706401766004416,0.36755386565272496
596115,1337,0.2916978309648467,0.06357516828721017,0.4173419773095624
596117,434,0.2511520737327189,0.09216589861751152,0.3229166666666667
596129,867,0.24567474048442905,0.14302191464821223,0.4051490514905149
596142,1126,0.27353463587921845,0.08170515097690942,0.4121756487025948
596146,1849,0.19307733910221742,0.09085992428339643,0.402187120291616
596451,87,0.41379310344827586,0.08045977011494253,0.3037974683544304
596748,388,0.19329896907216496,0.030927835051546393,0.3423180592991914
596847,543,0.292817679558011,0.1289134438305709,0.3827956989247312
598265,484,0.22107438016528927,0.05991735537190083,0.2866666666666667
600301,88,0.38636363636363635,0.056818181818181816,0.2073170731707317
600303,219,0.1598173515981735,0.0639269406392694,0.3383084577114428
600869,1597,0.23731997495303694,0.07326236693800876,0.4115197779319917
602074,488,0.14549180327868852,0.05942622950819672,0.3789237668161435
602104,1542,0.22243839169909208,0.06939040207522698,0.3982808022922636
605113,502,0.2410358565737052,0.05179282868525897,0.3091684434968017
605119,749,0.2817089452603471,0.09746328437917223,0.3540090771558245
605131,616,0.21103896103896103,0.09577922077922078,0.31123388581952116
605137,2445,0.18691206543967281,0.1034764826175869,0.41740344346207536
605141,2697,0.13385242862439747,0.11049314052651094,0.49447278911564624
605170,1208,0.19288079470198677,0.07947019867549669,0.3838951310861423
605204,1077,0.2934076137418756,0.09563602599814298,0.40042149631190727
605244,126,0.31746031746031744,0.023809523809523808,0.23529411764705882
605346,71,0.352112676056338,0.028169014084507043,0.34328358208955223
605353,265,0.18490566037735848,0.09811320754716982,0.2905982905982906
605361,353,0.20113314447592068,0.06515580736543909,0.39375
605421,140,0.2357142857142857,0.07142857142857142,0.3178294573643411
605548,117,0.38461538461538464,0.042735042735042736,0.22857142857142856
605612,713,0.20336605890603085,0.0364656381486676,0.3554572271386431
606115,1615,0.20804953560371517,0.07058823529411765,0.375
606132,608,0.20065789473684212,0.054276315789473686,0.36460176991150445
606157,276,0.36594202898550726,0.06159420289855073,0.36293436293436293
606192,2567,0.28126217374366963,0.06466692637319829,0.4703640982218459
606213,83,0.20481927710843373,0.10843373493975904,0.3424657534246575
606466,2426,0.1718878812860676,0.10758450123660346,0.49338999055712934
606992,790,0.3,0.060759493670886074,0.3806275579809004
606993,59,0.288135593220339,0.13559322033898305,0.28
607043,2741,0.209047792776359,0.10215249908792412,0.4310200668896321
607054,786,0.24427480916030533,0.10559796437659033,0.3294460641399417
607208,2686,0.1895011169024572,0.06291883842144452,0.46497584541062803
607461,119,0.18487394957983194,0.06722689075630252,0.2403846153846154
607680,583,0.22984562607204118,0.04288164665523156,0.3733826247689464
607732,1072,0.23787313432835822,0.0830223880597015,0.31545741324921134
608070,2819,0.11528910961333806,0.09719758779709117,0.5058023209283713
608324,2637,0.12817595752749336,0.10997345468335229,0.4559721011333915
608336,1002,0.406187624750499,0.13572854291417166,0.37894736842105264
608348,1269,0.2033096926713948,0.08983451536643026,0.367816091954023
608369,2259,0.1708720672864099,0.10314298362107127,0.5223505775991963
608385,1367,0.20921726408193123,0.13825896122896855,0.3612565445026178
608577,171,0.23391812865497075,0.05847953216374269,0.3522012578616352
608596,239,0.29707112970711297,0.09205020920502092,0.47641509433962265
608671,618,0.17475728155339806,0.09546925566343042,0.28205128205128205
608686,74,0.22972972972972974,0.04054054054054054,0.2714285714285714
608700,186,0.17204301075268819,0.07526881720430108,0.2857142857142857
608701,938,0.23987206823027718,0.10767590618336886,0.43950617283950616
608703,277,0.2924187725631769,0.09386281588447654,0.3293172690763052
608841,1210,0.2024793388429752,0.06115702479338843,0.40843806104129265
609275,54,0.37037037037037035,0.07407407407407407,0.14
609280,895,0.14748603351955308,0.04692737430167598,0.41043890865954924
613564,206,0.3058252427184466,0.07281553398058252,0.4095744680851064
614173,346,0.33815028901734107,0.08670520231213873,0.41479099678456594
614177,538,0.33643122676579923,0.06319702602230483,0.3561368209255533
620443,610,0.23442622950819672,0.06721311475409836,0.33810375670840787
621020,2618,0.2559205500381971,0.08403361344537816,0.4145929987347111
621028,989,0.15470171890798787,0.04954499494438827,0.3584699453551913
621035,1239,0.33494753833736884,0.09765940274414851,0.3608058608058608
621043,2145,0.20093240093240095,0.09603729603729604,0.4399164054336468
621311,71,0.323943661971831,0.04225352112676056,0.40298507462686567
621433,296,0.4391891891891892,0.08108108108108109,0.2689393939393939
621438,1386,0.23304473304473305,0.049783549783549784,0.3967136150234742
621439,1660,0.28433734939759037,0.0783132530120482,0.5154569892473119
621450,116,0.25862068965517243,0.0603448275862069,0.330188679245283
621453,80,0.5125,0.0875,0.2222222222222222
621458,136,0.4117647058823529,0.08088235294117647,0.4065040650406504
621466,382,0.2774869109947644,0.12041884816753927,0.3987538940809969
621493,2299,0.23401478903871248,0.10308829926054806,0.45062034739454093
621512,560,0.25535714285714284,0.039285714285714285,0.2982456140350877
621532,72,0.2638888888888889,0.1111111111111111,0.20634920634920634
621545,199,0.2914572864321608,0.06532663316582915,0.32222222222222224
621550,1010,0.3495049504950495,0.09207920792079208,0.4424581005586592
621563,726,0.17355371900826447,0.03994490358126722,0.33088235294117646
621566,2870,0.2400696864111498,0.12090592334494774,0.5040257648953301
622110,466,0.19313304721030042,0.06652360515021459,0.31690140845070425
622168,60,0.16666666666666666,0.05,0.40350877192982454
622268,112,0.21428571428571427,0.026785714285714284,0.2830188679245283
622534,1078,0.1725417439703154,0.059369202226345084,0.3587939698492462
622569,299,0.17391304347826086,0.06688963210702341,0.31868131868131866
622666,186,0.22043010752688172,0.07526881720430108,0.3058823529411765
622682,336,0.22916666666666666,0.03869047619047619,0.3619047619047619
622761,1179,0.26123833757421544,0.05343511450381679,0.36672794117647056
623168,414,0.15217391304347827,0.0748792270531401,0.32590529247910865
623205,443,0.3363431151241535,0.056433408577878104,0.3002481389578164
623520,175,0.3314285714285714,0.045714285714285714,0.41975308641975306
623912,1132,0.18197879858657243,0.04063604240282685,0.40264650283553877
623993,2226,0.21159029649595687,0.0880503144654088,0.4567404426559356
624413,2817,0.2243521476748314,0.09833155839545615,0.5026519787841697
624414,506,0.1857707509881423,0.039525691699604744,0.3957894736842105
624415,956,0.2813807531380753,0.11820083682008369,0.3353884093711467
624424,1444,0.2389196675900277,0.10457063711911357,0.3898573692551506
624428,1842,0.15580890336590664,0.06894679695982628,0.34114114114114114
624431,1085,0.1576036866359447,0.053456221198156684,0.3504950495049505
624503,811,0.22564734895191121,0.03822441430332922,0.3941798941798942
624512,778,0.2249357326478149,0.05141388174807198,0.365819209039548
624585,1791,0.26409826912339474,0.10831937465103295,0.44714926329276106
624641,1044,0.24233716475095785,0.035440613026819924,0.4236760124610592
628338,82,0.3902439024390244,0.07317073170731707,0.34210526315789475
628450,327,0.22629969418960244,0.0581039755351682,0.4098360655737705
628451,958,0.18893528183716074,0.06263048016701461,0.37740112994350283
630105,2462,0.19496344435418358,0.10113728675873274,0.37924528301886795
640449,121,0.2809917355371901,0.14049586776859505,0.2621359223300971
640457,168,0.11904761904761904,0.09523809523809523,0.3221476510067114
640458,160,0.20625,0.0375,0.375
640461,379,0.3113456464379947,0.036939313984168866,0.3850415512465374
640492,418,0.21052631578947367,0.05502392344497608,0.3194805194805195
640902,118,0.2627118644067797,0.06779661016949153,0.2962962962962963
641313,1206,0.22719734660033167,0.04145936981757877,0.3064798598949212
641343,856,0.3247663551401869,0.11565420560747663,0.39544235924932974
641355,2369,0.1794005909666526,0.07682566483748417,0.453781512605042
641432,465,0.12688172043010754,0.0989247311827957,0.3710843373493976
641470,114,0.37719298245614036,0.09649122807017543,0.32673267326732675
641487,2417,0.18204385601985934,0.1220521307405875,0.3691566265060241
641505,195,0.28205128205128205,0.1076923076923077,0.3132530120481928
641511,373,0.2520107238605898,0.06970509383378017,0.314540059347181
641513,96,0.3333333333333333,0.0625,0.33707865168539325
641525,100,0.36,0.01,0.3225806451612903
641531,591,0.26057529610829105,0.07106598984771574,0.375
641553,266,0.2932330827067669,0.041353383458646614,0.30278884462151395
641555,98,0.14285714285714285,0.11224489795918367,0.3333333333333333
641584,1226,0.19902120717781402,0.0929853181076672,0.41903019213174747
641598,1348,0.2685459940652819,0.11646884272997032,0.39742489270386266
641645,664,0.17921686746987953,0.10240963855421686,0.3122866894197952
641658,805,0.2708074534161491,0.08695652173913043,0.31512605042016806
641680,1946,0.1906474820143885,0.07399794450154162,0.3757711721817162
641684,73,0.3698630136986301,0.0958904109589041,0.14754098360655737
641779,197,0.3147208121827411,0.09644670050761421,0.4124293785310734
641786,116,0.3448275862068966,0.06896551724137931,0.2803738317757009
641796,114,0.2543859649122807,0.043859649122807015,0.37
641820,874,0.2528604118993135,0.08581235697940504,0.36516129032258066
641856,253,0.2727272727272727,0.09486166007905138,0.32
641857,2470,0.2963562753036437,0.10850202429149798,0.40662373505059796
641914,293,0.27303754266211605,0.06825938566552901,0.2878228782287823
641933,1329,0.28592927012791575,0.1053423626787058,0.43680137575236455
641943,536,0.22201492537313433,0.06529850746268656,0.35991820040899797
642020,138,0.26811594202898553,0.036231884057971016,0.19230769230769232
642086,1270,0.19370078740157481,0.08031496062992126,0.3684210526315789
642133,1683,0.2251931075460487,0.08615567439096851,0.4226190476190476
642136,764,0.2761780104712042,0.13612565445026178,0.31521739130434784
642137,78,0.3717948717948718,0.07692307692307693,0.3333333333333333
642165,192,0.234375,0.09895833333333333,0.29239766081871343
642180,501,0.21157684630738524,0.07984031936127745,0.2618510158013544
642201,447,0.29082774049217003,0.05592841163310962,0.3719806763285024
642215,248,0.27419354838709675,0.10483870967741936,0.42201834862385323
642336,462,0.22727272727272727,0.02813852813852814,0.38461538461538464
642350,1185,0.3628691983122363,0.06329113924050633,0.39078341013824885
642423,96,0.2604166666666667,0.041666666666666664,0.24175824175824176
642456,85,0.2,0.07058823529411765,0.33766233766233766
642708,1794,0.18115942028985507,0.039576365663322184,0.3937610359034726
642715,2649,0.25972064930162325,0.10419026047565119,0.4372591006423983
642727,228,0.25877192982456143,0.05263157894736842,0.3492822966507177
642731,1617,0.19233147804576375,0.04390847247990105,0.38840772818121255
642851,452,0.252212389380531,0.05309734513274336,0.3888888888888889
643217,2134,0.16119962511715089,0.0866916588566073,0.3927083333333333
643265,1042,0.2744721689059501,0.07485604606525911,0.40402969247083775
643289,1614,0.12453531598513011,0.04460966542750929,0.36664460622104567
643376,1214,0.21087314662273476,0.1070840197693575,0.4301994301994302
643393,987,0.11144883485309018,0.0911854103343465,0.3179190751445087
643396,1907,0.1599370739381227,0.051389617199790245,0.34204545454545454
643446,2195,0.1143507972665148,0.07425968109339408,0.40499235863474276
643524,292,0.19863013698630136,0.06506849315068493,0.35793357933579334
643565,1136,0.2130281690140845,0.13028169014084506,0.38144329896907214
644374,302,0.3079470198675497,0.06291390728476821,0.32967032967032966
644433,96,0.3125,0.020833333333333332,0.3655913978494624
645277,2056,0.1556420233463035,0.07101167315175097,0.42451820128479656
645302,977,0.2128966223132037,0.06038894575230297,0.35232558139534886
645305,119,0.25210084033613445,0.03361344537815126,0.21495327102803738
645444,566,0.24381625441696114,0.09717314487632508,0.25732217573221755
645801,462,0.2943722943722944,0.09307359307359307,0.3878048780487805
646240,2597,0.22256449749711205,0.11205236811705814,0.5039752650176679
647304,2355,0.15201698513800424,0.07770700636942675,0.4611764705882353
647351,1021,0.17042115572967678,0.05680705190989226,0.35501066098081024
649557,728,0.18406593406593408,0.04945054945054945,0.3466666666666667
649966,1088,0.20128676470588236,0.10202205882352941,0.36627282491944146
650331,174,0.3103448275862069,0.06321839080459771,0.2875
650333,2618,0.0492742551566081,0.0546218487394958,0.4126853377265239
650339,77,0.35064935064935066,0.05194805194805195,0.22857142857142856
650391,1165,0.2017167381974249,0.06866952789699571,0.4253731343283582
650402,2681,0.18314061917195076,0.10145468108914583,0.41275876637093367
650489,1907,0.23492396434189827,0.07446250655479811,0.38044758539458184
650490,2448,0.14133986928104575,0.10212418300653595,0.4574468085106383
650559,1660,0.25301204819277107,0.05542168674698795,0.39805825242718446
650619,79,0.3670886075949367,0.1518987341772152,0.25757575757575757
650859,1801,0.17157134925041642,0.05941143808995003,0.40251949610077986
650907,242,0.3760330578512397,0.03305785123966942,0.39565217391304347
650968,168,0.13095238095238096,0.041666666666666664,0.375
655316,594,0.234006734006734,0.08754208754208755,0.350187265917603
656024,71,0.18309859154929578,0.056338028169014086,0.34328358208955223
656180,729,0.32373113854595337,0.06995884773662552,0.3493975903614458
656185,176,0.32386363636363635,0.06818181818181818,0.27741935483870966
656248,321,0.308411214953271,0.13707165109034267,0.3940520446096654
656305,2401,0.2598917117867555,0.1112036651395252,0.43779904306220097
656308,522,0.3045977011494253,0.04597701149425287,0.3800813008130081
656413,653,0.2725880551301684,0.08269525267993874,0.3888888888888889
656448,361,0.30193905817174516,0.08310249307479224,0.49206349206349204
656484,122,0.28688524590163933,0.07377049180327869,0.36936936936936937
656495,56,0.25,0.16071428571428573,0.3333333333333333
656514,64,0.234375,0.09375,0.2631578947368421
656537,463,0.30885529157667385,0.047516198704103674,0.3403755868544601
656541,497,0.34004024144869216,0.10663983903420524,0.38620689655172413
656555,1600,0.2725,0.104375,0.4344086021505376
656577,267,0.36329588014981273,0.06367041198501873,0.32644628099173556
656582,1435,0.221602787456446,0.10871080139372823,0.37569944044764186
656669,324,0.26851851851851855,0.11419753086419752,0.35106382978723405
656695,71,0.352112676056338,0.028169014084507043,0.3283582089552239
656716,1582,0.22439949431099873,0.08533501896333755,0.3773851590106007
656775,2143,0.20951936537564161,0.08446103593093794,0.4031413612565445
656811,1570,0.189171974522293,0.0821656050955414,0.4309978768577495
656896,1090,0.21467889908256882,0.07155963302752294,0.3606060606060606
656941,2973,0.2885973763874874,0.15270770265724856,0.5103113627173473
656976,962,0.24740124740124741,0.12785862785862787,0.4062877871825877
657041,1943,0.25630468347915597,0.07308286155429748,0.4167140420693576
657061,130,0.3384615384615385,0.05384615384615385,0.2727272727272727
657077,2136,0.14559925093632958,0.07350187265917603,0.3813690169840453
657088,51,0.23529411764705882,0.09803921568627451,0.41304347826086957
657136,1134,0.2698412698412698,0.06261022927689594,0.37524177949709864
657557,1328,0.3207831325301205,0.0572289156626506,0.37182637182637185
657656,1592,0.27449748743718594,0.0678391959798995,0.4264909847434119
657709,103,0.2524271844660194,0.0970873786407767,0.18681318681318682
657757,1806,0.2026578073089701,0.07862679955703211,0.38546120952962737
658668,755,0.1814569536423841,0.06357615894039735,0.41219158200290273
660162,1124,0.27313167259786475,0.0791814946619217,0.4013738959764475
660271,2883,0.24210891432535553,0.13250086715227194,0.6063440422936153
660294,193,0.25906735751295334,0.09844559585492228,0.22941176470588234
660620,107,0.2803738317757009,0.056074766355140186,0.25773195876288657
660634,55,0.21818181818181817,0.07272727272727272,0.13043478260869565
660636,292,0.2602739726027397,0.0547945205479452,0.3828996282527881
660644,621,0.214170692431562,0.07729468599033816,0.2857142857142857
660650,125,0.44,0.064,0.3879310344827586
660670,1936,0.1921487603305785,0.12086776859504132,0.49730377471539844
660688,1747,0.10761305094447625,0.048654836863194044,0.36909871244635195
660707,739,0.3071718538565629,0.058186738836265225,0.38742690058479534
660757,655,0.2183206106870229,0.03358778625954199,0.392
660766,593,0.20741989881956155,0.06408094435075885,0.42830882352941174
660821,1784,0.2522421524663677,0.08239910313901345,0.4147095179233622
660829,60,0.25,0.06666666666666667,0.37254901960784315
660844,218,0.26146788990825687,0.1559633027522936,0.28888888888888886
661388,2393,0.2114500626828249,0.1124111993313832,0.44852240228789325
661531,296,0.25675675675675674,0.060810810810810814,0.29259259259259257
662139,2040,0.25245098039215685,0.0784313725490196,0.4312873438348723
663330,212,0.25471698113207547,0.10849056603773585,0.5027322404371585
663368,799,0.26032540675844806,0.10513141426783479,0.33903133903133903
663457,1846,0.20043336944745396,0.1305525460455038,0.4053198226725776
663527,573,0.2356020942408377,0.09947643979057591,0.3058350100603622
663538,2528,0.10166139240506329,0.06329113924050633,0.39100346020761245
663550,147,0.40816326530612246,0.04081632653061224,0.33093525179856115
663584,78,0.28205128205128205,0.038461538461538464,0.19444444444444445
663586,2357,0.2532880780653373,0.07679253288078065,0.4896421845574388
663604,162,0.25308641975308643,0.04938271604938271,0.30405405405405406
663609,189,0.2751322751322751,0.14285714285714285,0.3375
663611,616,0.09902597402597403,0.045454545454545456,0.31150442477876106
663616,1359,0.2501839587932303,0.10154525386313466,0.414654454621149
663624,1963,0.24503311258278146,0.06265919510952624,0.4175458078845086
663630,326,0.3067484662576687,0.06441717791411043,0.363013698630137
663647,2057,0.20029168692270297,0.06562955760816723,0.3505535055350554
663656,2364,0.15228426395939088,0.1281725888324873,0.4905847373637265
663662,298,0.28187919463087246,0.06375838926174497,0.32727272727272727
663697,2164,0.20055452865064696,0.10027726432532348,0.38074866310160427
663698,1000,0.301,0.091,0.3747178329571106
663728,2395,0.27933194154488517,0.11231732776617954,0.49880554228380314
663743,1142,0.1690017513134851,0.05253940455341506,0.3339749759384023
663757,1947,0.26861838726245507,0.12480739599383667,0.3850782190132371
663796,51,0.29411764705882354,0.0392156862745098,0.2916666666666667
663837,1602,0.2153558052434457,0.0749063670411985,0.3818056512749828
663845,410,0.3,0.09268292682926829,0.3416666666666667
663853,770,0.2818181818181818,0.04415584415584416,0.42559109874826145
663886,1565,0.26773162939297124,0.09201277955271565,0.42109038737446197
663897,241,0.3029045643153527,0.058091286307053944,0.2645739910313901
663898,1440,0.2222222222222222,0.06875,0.3936411809235428
663905,72,0.2222222222222222,0.09722222222222222,0.2
663967,67,0.208955223880597,0.07462686567164178,0.26785714285714285
663968,428,0.14953271028037382,0.04439252336448598,0.36790123456790125
663993,2622,0.23607932875667428,0.10678871090770405,0.4220302375809935
664023,2685,0.2361266294227188,0.12141527001862197,0.4317104696251616
664029,163,0.27607361963190186,0.1165644171779141,0.3986013986013986
664034,2334,0.1778063410454156,0.059554413024850046,0.381635581061693
664040,1680,0.2625,0.0880952380952381,0.45279255319148937
664056,1643,0.22032866707242849,0.05842970176506391,0.3948069241011984
664058,334,0.07784431137724551,0.041916167664670656,0.329073482428115
664059,507,0.21893491124260356,0.09861932938856016,0.36711711711711714
664238,1113,0.3054806828391734,0.11230907457322552,0.3802966101694915
664247,192,0.3072916666666667,0.052083333333333336,0.43258426966292135
664314,217,0.34101382488479265,0.0967741935483871,0.30526315789473685
664670,158,0.13924050632911392,0.056962025316455694,0.3401360544217687
664702,1463,0.16541353383458646,0.08065618591934381,0.2967200610221205
664728,1443,0.2079002079002079,0.058212058212058215,0.3599695585996956
664731,229,0.25327510917030566,0.09606986899563319,0.38308457711442784
664761,2502,0.15907274180655476,0.06354916067146282,0.41815800960279353
664770,628,0.14012738853503184,0.09076433121019108,0.4003623188405797
664774,1413,0.208067940552017,0.13517338995046002,0.3676222596964587
664850,72,0.125,0.027777777777777776,0.29411764705882354
664874,441,0.3401360544217687,0.07709750566893424,0.34183673469387754
664901,316,0.2310126582278481,0.05379746835443038,0.35034013605442177
664913,1409,0.27111426543647976,0.08161816891412349,0.40546875
664954,112,0.23214285714285715,0.05357142857142857,0.2912621359223301
664983,1383,0.18510484454085321,0.0650759219088937,0.3815261044176707
665019,786,0.2506361323155216,0.06361323155216285,0.40387275242047027
665052,175,0.3028571428571429,0.07428571428571429,0.43478260869565216
665120,630,0.3238095238095238,0.07142857142857142,0.35172413793103446
665155,447,0.2751677852348993,0.12751677852348994,0.34120734908136485
665161,2496,0.1971153846153846,0.051682692307692304,0.41837178929037877
665482,347,0.2219020172910663,0.09221902017291066,0.3022508038585209
665487,1807,0.2058660763696735,0.09850581073602656,0.464797507788162
665489,2868,0.14400278940027894,0.10251046025104603,0.4909090909090909
665506,548,0.29927007299270075,0.08211678832116788,0.28169014084507044
665561,174,0.14367816091954022,0.07471264367816093,0.38461538461538464
665742,2916,0.17146776406035666,0.1855281207133059,0.5183760683760684
665750,1671,0.22740873728306404,0.06762417713943747,0.3698630136986301
665804,622,0.19935691318327975,0.06270096463022508,0.38198198198198197
665828,987,0.22188449848024316,0.07700101317122594,0.3419282511210762
665833,1544,0.3167098445595855,0.09715025906735751,0.4232727272727273
665839,474,0.22362869198312235,0.0759493670886076,0.39211136890951276
665861,63,0.30158730158730157,0.047619047619047616,0.2033898305084746
665862,1870,0.2711229946524064,0.08823529411764706,0.45758661887694146
665877,210,0.1380952380952381,0.1,0.2857142857142857
665923,621,0.21578099838969403,0.043478260869565216,0.34285714285714286
665926,2319,0.18542475204829667,0.053471323846485556,0.37799043062200954
665953,205,0.22439024390243903,0.05853658536585366,0.3582887700534759
665966,472,0.2563559322033898,0.09110169491525423,0.4056603773584906
666018,756,0.2566137566137566,0.09788359788359788,0.44126506024096385
666023,968,0.19111570247933884,0.056818181818181816,0.3784994400895857
666126,99,0.20202020202020202,0.030303030303030304,0.5425531914893617
666134,1218,0.2963875205254516,0.1116584564860427,0.3956766917293233
666135,664,0.25150602409638556,0.07530120481927711,0.40134907251264756
666139,1526,0.2765399737876802,0.07339449541284404,0.4135714285714286
666149,618,0.3042071197411003,0.06634304207119741,0.42984014209591476
666150,377,0.21750663129973474,0.05305039787798409,0.32471264367816094
666152,549,0.24772313296903462,0.07468123861566485,0.35984095427435386
666158,1523,0.21733420879842416,0.09980302035456336,0.3826342899190581
666160,1314,0.2899543378995434,0.0426179604261796,0.4505229283990346
666163,545,0.24403669724770644,0.10275229357798166,0.27253668763102723
666165,400,0.3325,0.075,0.38268156424581007
666176,1371,0.29832239241429614,0.060539752005835154,0.4327764518695306
666179,126,0.24603174603174602,0.0873015873015873,0.24324324324324326
666181,1034,0.33268858800773693,0.09671179883945841,0.4176663031624864
666182,2306,0.1873373807458803,0.05767562879444926,0.4529002320185615
666185,1253,0.21707901037509977,0.09257781324820431,0.3393665158371041
666197,70,0.2714285714285714,0.11428571428571428,0.21311475409836064
666198,102,0.27450980392156865,0.058823529411764705,0.35789473684210527
666211,316,0.31329113924050633,0.12658227848101267,0.35294117647058826
666310,1071,0.26704014939309056,0.09710550887021475,0.38250790305584825
666397,939,0.3184238551650692,0.13205537806176784,0.386052303860523
666464,256,0.31640625,0.03515625,0.3836734693877551
666624,1770,0.303954802259887,0.0903954802259887,0.4151898734177215
666703,100,0.34,0.04,0.5
666801,534,0.27715355805243447,0.08426966292134831,0.3770833333333333
666906,175,0.24,0.05714285714285714,0.2893081761006289
666915,520,0.375,0.08461538461538462,0.32762312633832974
666969,2541,0.2707595434868162,0.07123179850452578,0.44824599393676917
666971,2254,0.1668145519077196,0.055900621118012424,0.4311089774363898
667452,525,0.2438095238095238,0.07047619047619047,0.33747412008281574
667472,511,0.2583170254403131,0.06457925636007827,0.35394456289978676
667670,1875,0.27466666666666667,0.09386666666666667,0.5026994601079784
668227,2730,0.25567765567765566,0.09816849816849817,0.41751269035532995
668472,527,0.3870967741935484,0.09108159392789374,0.3642241379310345
668663,55,0.2909090909090909,0.03636363636363636,0.19230769230769232
668670,870,0.30344827586206896,0.07816091954022988,0.3875476493011436
668709,1527,0.23248199083169613,0.114603798297315,0.3943241224794623
668715,2006,0.21585244267198406,0.10069790628115653,0.42081447963800905
668723,64,0.265625,0.0625,0.20689655172413793
668731,682,0.27126099706744866,0.10997067448680352,0.32338308457711445
668751,237,0.22362869198312235,0.08016877637130802,0.3425925925925926
668800,715,0.21818181818181817,0.06433566433566433,0.3302611367127496
668804,2600,0.23384615384615384,0.08576923076923076,0.4421505376344086
668832,157,0.37579617834394907,0.10191082802547771,0.37142857142857144
668843,153,0.24183006535947713,0.1111111111111111,0.39849624060150374
668845,131,0.31297709923664124,0.030534351145038167,0.30158730158730157
668853,50,0.28,0.16,0.40476190476190477
668885,438,0.1780821917808219,0.0958904109589041,0.35732647814910024
668901,1249,0.28182546036829464,0.06485188150520416,0.4476439790575916
668904,1034,0.21470019342359767,0.07543520309477757,0.4604012671594509
668930,1780,0.20561797752808988,0.08876404494382023,0.36716791979949875
668939,2181,0.1609353507565337,0.11737734983952315,0.40916271721958924
668942,1547,0.21654815772462832,0.09502262443438914,0.3435672514619883
668952,211,0.3175355450236967,0.07582938388625593,0.17553191489361702
669003,448,0.33705357142857145,0.10267857142857142,0.43908629441624364
669004,1672,0.2631578947368421,0.09928229665071771,0.3865319865319865
669016,1949,0.31092868137506413,0.0944073884043099,0.421875
669023,50,0.44,0.1,0.2727272727272727
669065,797,0.30112923462986196,0.08657465495608532,0.4508426966292135
669087,239,0.3598326359832636,0.07531380753138076,0.38636363636363635
669127,1700,0.2611764705882353,0.07058823529411765,0.4642627173213136
669134,550,0.15272727272727274,0.06181818181818182,0.3850687622789784
669200,84,0.32142857142857145,0.09523809523809523,0.2222222222222222
669208,110,0.3,0.08181818181818182,0.3673469387755102
669221,1661,0.23961468994581578,0.10054184226369657,0.4226231783483692
669222,1017,0.20747295968534907,0.08259587020648967,0.34285714285714286
669224,1015,0.24334975369458128,0.08374384236453201,0.40914158305462656
669234,369,0.3224932249322493,0.12195121951219512,0.35555555555555557
669236,183,0.273224043715847,0.060109289617486336,0.4470588235294118
669242,1829,0.1722252597047567,0.06451612903225806,0.39916217833632556
669256,106,0.19811320754716982,0.0660377358490566,0.3010752688172043
669257,2272,0.1800176056338028,0.10915492957746478,0.45081967213114754
669261,1361,0.3100661278471712,0.12270389419544453,0.3888888888888889
669288,58,0.22413793103448276,0.06896551724137931,0.2962962962962963
669289,1470,0.13333333333333333,0.0673469387755102,0.3425167535368578
669304,1100,0.17636363636363636,0.05,0.40860215053763443
669326,162,0.32098765432098764,0.030864197530864196,0.2866666666666667
669352,259,0.3204633204633205,0.04247104247104247,0.2946058091286307
669357,1582,0.34007585335018964,0.10240202275600506,0.41963015647226176
669364,1007,0.1529294935451837,0.08440913604766634,0.3723756906077348
669369,227,0.23788546255506607,0.06607929515418502,0.30198019801980197
669374,314,0.40764331210191085,0.0732484076433121,0.40860215053763443
669392,83,0.2891566265060241,0.08433734939759036,0.2602739726027397
669394,1685,0.2658753709198813,0.050445103857566766,0.46790757381258025
669397,1176,0.19982993197278912,0.061224489795918366,0.2719626168224299
669450,340,0.31176470588235294,0.11470588235294117,0.2745762711864407
669477,738,0.23441734417344173,0.05962059620596206,0.38392857142857145
669699,71,0.15492957746478872,0.014084507042253521,0.19117647058823528
669701,1640,0.19878048780487806,0.09390243902439024,0.3534361851332398
669707,1031,0.2492725509214355,0.10184287099903007,0.3465783664459161
669717,91,0.37362637362637363,0.07692307692307693,0.24358974358974358
669720,1844,0.23210412147505424,0.061279826464208244,0.42671394799054374
669742,198,0.31313131313131315,0.03535353535353535,0.4421052631578947
669743,1020,0.1803921568627451,0.11666666666666667,0.3705408515535098
669911,1067,0.34957825679475163,0.09465791940018745,0.3887147335423197
670032,1215,0.14320987654320988,0.07901234567901234,0.28254847645429365
670042,1157,0.3050993949870354,0.07000864304235091,0.4321110009910803
670092,72,0.2638888888888889,0.08333333333333333,0.21212121212121213
670097,410,0.275609756097561,0.11707317073170732,0.3028571428571429
670156,448,0.18973214285714285,0.08482142857142858,0.275
670223,261,0.3448275862068966,0.07662835249042145,0.3220338983050847
670224,232,0.34051724137931033,0.06896551724137931,0.32547169811320753
670231,175,0.26285714285714284,0.10285714285714286,0.30718954248366015
670242,984,0.3241869918699187,0.10873983739837398,0.48081534772182255
670276,118,0.2627118644067797,0.11864406779661017,0.2376237623762376
670351,57,0.3333333333333333,0.0,0.16071428571428573
670541,2009,0.17770034843205576,0.12692882030861125,0.5756327251324308
670623,2043,0.17327459618208516,0.11209006363191386,0.44241733181299886
670712,238,0.2857142857142857,0.07563025210084033,0.411214953271028
670764,1395,0.2523297491039427,0.10967741935483871,0.29811629811629814
670768,350,0.21428571428571427,0.08571428571428572,0.36012861736334406
670770,1850,0.16216216216216217,0.09513513513513513,0.4126487163431434
670869,87,0.20689655172413793,0.09195402298850575,0.4935064935064935
671056,777,0.20077220077220076,0.09652509652509653,0.43601190476190477
671083,181,0.2430939226519337,0.09944751381215469,0.27388535031847133
671213,949,0.2644889357218124,0.13593256059009484,0.4533169533169533
671218,1295,0.24633204633204633,0.07335907335907337,0.4184457728437233
671221,684,0.31140350877192985,0.07602339181286549,0.36935483870967745
671277,1913,0.16414009409304756,0.04809200209095661,0.4133704735376045
671284,72,0.4166666666666667,0.06944444444444445,0.3283582089552239
671286,120,0.31666666666666665,0.125,0.29523809523809524
671289,1065,0.13615023474178403,0.07136150234741784,0.3415154749199573
671655,55,0.2727272727272727,0.12727272727272726,0.4791666666666667
671732,1210,0.26611570247933886,0.08099173553719008,0.42934782608695654
671739,2126,0.2050799623706491,0.03998118532455315,0.44788029925187034
672012,70,0.2571428571428571,0.17142857142857143,0.2631578947368421
672016,159,0.3836477987421384,0.03773584905660377,0.3716216216216216
672275,1253,0.2657621707901037,0.07182761372705507,0.3397887323943662
672279,383,0.2793733681462141,0.06266318537859007,0.2703488372093023
672284,1129,0.3153232949512843,0.08325952170062002,0.3798828125
672356,1055,0.33364928909952607,0.06540284360189573,0.3543388429752066
672386,1955,0.11662404092071611,0.10179028132992328,0.39639115250291035
672478,344,0.22093023255813954,0.055232558139534885,0.3582554517133956
672515,1183,0.17582417582417584,0.09213863060016907,0.4066350710900474
672569,114,0.19298245614035087,0.043859649122807015,0.34615384615384615
672580,1853,0.16837560712358338,0.07771181867242309,0.3808104886769964
672640,1038,0.15221579961464354,0.0674373795761079,0.37447698744769875
672642,51,0.3137254901960784,0.17647058823529413,0.19047619047619047
672695,2166,0.15974145891043398,0.11588180978762697,0.3735600658255623
672724,527,0.2732447817836812,0.07020872865275142,0.2797494780793319
672744,279,0.3548387096774194,0.06810035842293907,0.3682170542635659
672761,848,0.2275943396226415,0.07429245283018868,0.3963730569948187
672779,397,0.19899244332493704,0.05037783375314862,0.3342541436464088
672820,1122,0.2281639928698752,0.03208556149732621,0.3895131086142322
673237,1594,0.178168130489335,0.035759096612296114,0.4500330906684315
673357,1852,0.2710583153347732,0.062095032397408205,0.4385655496766608
673490,1918,0.1845672575599583,0.10740354535974973,0.37739234449760767
673548,2297,0.2498911623857205,0.10274270787984327,0.47433366238894376
673962,1386,0.2784992784992785,0.05194805194805195,0.43197540353574176
674441,83,0.2891566265060241,0.08433734939759036,0.21212121212121213
675656,297,0.31313131313131315,0.04040404040404041,0.31386861313868614
675961,208,0.27403846153846156,0.057692307692307696,0.2712765957446808
676044,83,0.3855421686746988,0.04819277108433735,0.28205128205128205
676059,1044,0.22796934865900384,0.05363984674329502,0.452947259565667
676070,154,0.2922077922077922,0.045454545454545456,0.16083916083916083
676113,75,0.28,0.10666666666666667,0.3283582089552239
676116,665,0.34887218045112783,0.15338345864661654,0.3521897810218978
676356,466,0.21030042918454936,0.06223175965665236,0.35730858468677495
676369,615,0.28780487804878047,0.08455284552845528,0.4329710144927536
676391,1348,0.1016320474777448,0.037833827893175076,0.3905138339920949
676439,119,0.2605042016806723,0.14285714285714285,0.22
676475,1541,0.13562621674237507,0.06619078520441272,0.42217484008528783
676480,354,0.3644067796610169,0.07062146892655367,0.2599388379204893
676572,588,0.1989795918367347,0.05782312925170068,0.3813868613138686
676609,1138,0.2618629173989455,0.08963093145869948,0.34040404040404043
676628,61,0.3442622950819672,0.01639344262295082,0.29310344827586204
676632,228,0.2543859649122807,0.08771929824561403,0.28640776699029125
676679,67,0.29850746268656714,0.04477611940298507,0.20967741935483872
676694,1399,0.23516797712651893,0.07076483202287348,0.3622730860299921
676701,462,0.22510822510822512,0.05194805194805195,0.3247663551401869
676724,116,0.3103448275862069,0.06896551724137931,0.45714285714285713
676801,1327,0.2607385079125848,0.0904295403165034,0.40238704177323104
676914,843,0.3013048635824436,0.12811387900355872,0.41086350974930363
676946,164,0.21951219512195122,0.11585365853658537,0.34507042253521125
676950,57,0.2982456140350877,0.10526315789473684,0.14
677008,316,0.28164556962025317,0.056962025316455694,0.3623693379790941
677347,245,0.3795918367346939,0.08571428571428572,0.2903225806451613
677551,845,0.12307692307692308,0.08165680473372781,0.4470588235294118
677587,959,0.2127215849843587,0.07820646506777894,0.3352941176470588
677588,371,0.24528301886792453,0.0673854447439353,0.3488372093023256
677592,176,0.38636363636363635,0.08522727272727272,0.21518987341772153
677594,2680,0.24402985074626865,0.0667910447761194,0.46924643584521386
677595,292,0.2910958904109589,0.07534246575342465,0.36059479553903345
677649,1163,0.2510748065348237,0.049011177987962166,0.36982520699172033
677800,953,0.2644281217208814,0.09338929695697797,0.4624413145539906
677870,238,0.2773109243697479,0.058823529411764705,0.3382352941176471
677941,83,0.3614457831325301,0.03614457831325301,0.20253164556962025
677942,451,0.29933481152993346,0.082039911308204,0.3661616161616162
677950,1444,0.21606648199445982,0.05055401662049862,0.36649214659685864
677951,2749,0.1793379410694798,0.06438704983630411,0.5009932459276917
677954,65,0.2,0.06153846153846154,0.3114754098360656
677956,95,0.3894736842105263,0.05263157894736842,0.5056179775280899
678009,717,0.2580195258019526,0.09344490934449093,0.37753510140405616
678011,73,0.2191780821917808,0.1095890410958904,0.20967741935483872
678225,514,0.25486381322957197,0.08365758754863813,0.2928416485900217
678246,1160,0.19913793103448277,0.10431034482758621,0.35636722606120436
678391,66,0.19696969696969696,0.07575757575757576,0.25
678489,95,0.25263157894736843,0.021052631578947368,0.23863636363636365
678545,94,0.26595744680851063,0.06382978723404255,0.3103448275862069
678554,495,0.23434343434343435,0.05656565656565657,0.3170731707317073
678662,1735,0.27262247838616716,0.04092219020172911,0.429097605893186
678877,378,0.3333333333333333,0.05026455026455026,0.38746438746438744
678882,1256,0.2372611464968153,0.03901273885350318,0.3983050847457627
678894,315,0.30793650793650795,0.05714285714285714,0.36769759450171824
679032,750,0.22266666666666668,0.044,0.32751091703056767
679529,2179,0.25975217989903626,0.09866911427260211,0.4085239085239085
679631,160,0.19375,0.10625,0.302158273381295
679822,53,0.39622641509433965,0.03773584905660377,0.09803921568627451
679845,427,0.14754098360655737,0.08665105386416862,0.32275132275132273
679881,54,0.37037037037037035,0.037037037037037035,0.32
680118,285,0.24912280701754386,0.06315789473684211,0.4163424124513619
680474,672,0.22916666666666666,0.10267857142857142,0.2970639032815199
680574,988,0.29048582995951416,0.08805668016194332,0.41156462585034015
680577,102,0.3333333333333333,0.0196078431372549,0.20618556701030927
680700,589,0.18166383701188454,0.11035653650254669,0.35812133072407043
680716,58,0.3448275862068966,0.05172413793103448,0.24528301886792453
680718,792,0.24116161616161616,0.07323232323232323,0.43448275862068964
680728,218,0.3440366972477064,0.06880733944954129,0.445
680737,120,0.2,0.058333333333333334,0.45871559633027525
680757,2681,0.09399477806788512,0.09250279746363298,0.3903765690376569
680776,2025,0.23950617283950618,0.07506172839506173,0.4550408719346049
680777,1523,0.22849638870650033,0.09192383453709783,0.41797752808988764
680779,660,0.2878787878787879,0.08484848484848485,0.2943201376936317
680814,139,0.381294964028777,0.07913669064748201,0.368
680837,53,0.1509433962264151,0.1320754716981132,0.45652173913043476
680862,111,0.24324324324324326,0.06306306306306306,0.3235294117647059
680869,948,0.3333333333333333,0.07489451476793249,0.3969732246798603
680911,841,0.20214030915576695,0.06183115338882283,0.3477124183006536
680977,2013,0.13561847988077497,0.09041231992051664,0.40914221218961627
681082,2366,0.1720202874049028,0.08241758241758242,0.37728765837634914
681146,690,0.2144927536231884,0.10289855072463767,0.31313131313131315
681297,1005,0.32338308457711445,0.09154228855721393,0.4015659955257271
681351,1188,0.2904040404040404,0.061447811447811446,0.4080145719489982
681393,531,0.2900188323917137,0.062146892655367235,0.4069529652351738
681460,449,0.26057906458797325,0.060133630289532294,0.38164251207729466
681481,1391,0.24874191229331416,0.06182602444284687,0.5051221434200157
681508,133,0.21052631578947367,0.10526315789473684,0.19469026548672566
681546,893,0.3460246360582307,0.11086226203807391,0.39040207522697795
681584,383,0.31592689295039167,0.08877284595300261,0.39104477611940297
681624,1142,0.2276707530647986,0.050788091068301226,0.4240986717267552
681715,294,0.2619047619047619,0.1054421768707483,0.4375
681807,693,0.26406926406926406,0.08802308802308802,0.4262295081967213
681962,142,0.23943661971830985,0.04929577464788732,0.1875
681987,274,0.2591240875912409,0.06934306569343066,0.3224489795918367
682073,195,0.31794871794871793,0.1076923076923077,0.2774566473988439
682177,653,0.29096477794793263,0.09647779479326186,0.3556701030927835
682617,126,0.35714285714285715,0.0873015873015873,0.30434782608695654
682622,729,0.25651577503429357,0.04663923182441701,0.39854014598540144
682626,1104,0.259963768115942,0.08605072463768115,0.4223790322580645
682641,593,0.14165261382799327,0.06070826306913996,0.3690909090909091
682653,146,0.17123287671232876,0.04794520547945205,0.41007194244604317
682657,657,0.2207001522070015,0.0578386605783866,0.3527454242928453
682663,585,0.19316239316239317,0.06153846153846154,0.4134078212290503
682668,236,0.1906779661016949,0.059322033898305086,0.33640552995391704
682729,178,0.25280898876404495,0.07303370786516854,0.3105590062111801
682829,1830,0.29890710382513663,0.09453551912568306,0.44302254722730045
682848,261,0.2413793103448276,0.0842911877394636,0.31092436974789917
682868,120,0.21666666666666667,0.058333333333333334,0.3333333333333333
682927,88,0.17045454545454544,0.09090909090909091,0.2727272727272727
682928,2153,0.19554110543427775,0.05294937296795169,0.4110772357723577
682985,2139,0.2828424497428705,0.08742402992052362,0.44935064935064933
682988,165,0.38181818181818183,0.07878787878787878,0.27702702702702703
682998,2164,0.2088724584103512,0.0988909426987061,0.4883474576271186
683002,2146,0.23159366262814537,0.10018639328984157,0.48370136698212407
683011,1971,0.25469304921359714,0.0745814307458143,0.37890625
683021,289,0.14878892733564014,0.08996539792387544,0.26666666666666666
683083,170,0.20588235294117646,0.11764705882352941,0.34265734265734266
683090,70,0.34285714285714286,0.0,0.463768115942029
683146,1034,0.25822050290135395,0.07736943907156674,0.37139807897545357
683227,121,0.15702479338842976,0.04132231404958678,0.34210526315789475
683734,2266,0.19373345101500442,0.0617828773168579,0.4177093358999038
683737,1271,0.2612116443745083,0.1022816679779701,0.47631814119749777
683766,191,0.2356020942408377,0.04712041884816754,0.367816091954023
683770,75,0.36,0.02666666666666667,0.14285714285714285
685133,64,0.390625,0.09375,0.25
686217,1395,0.14623655913978495,0.08315412186379928,0.3665594855305466
686452,150,0.18666666666666668,0.08666666666666667,0.39552238805970147
686469,1820,0.13846153846153847,0.08351648351648351,0.45242480049109884
686475,57,0.19298245614035087,0.017543859649122806,0.38
686527,668,0.23053892215568864,0.07035928143712575,0.41272430668841764
686554,145,0.35172413793103446,0.05517241379310345,0.2900763358778626
686555,470,0.23404255319148937,0.1276595744680851,0.38944723618090454
686611,454,0.22466960352422907,0.07709251101321586,0.35194174757281554
686668,1572,0.2811704834605598,0.062340966921119595,0.3936243936243936
686676,530,0.2981132075471698,0.0509433962264151,0.3207171314741036
686681,1313,0.19040365575019041,0.04493526275704494,0.3850574712643678
686765,197,0.25380710659898476,0.06091370558375635,0.3407821229050279
686780,607,0.27182866556836904,0.05271828665568369,0.36767317939609234
686797,712,0.16713483146067415,0.05898876404494382,0.3566009104704097
686823,889,0.13498312710911137,0.04274465691788527,0.36992840095465396
686894,499,0.2965931863727455,0.08016032064128256,0.359375
686948,446,0.15246636771300448,0.08520179372197309,0.4691358024691358
687093,354,0.2175141242937853,0.05649717514124294,0.3415384615384615
687221,156,0.3782051282051282,0.0641025641025641,0.32167832167832167
687231,332,0.1536144578313253,0.08433734939759036,0.27986348122866894
687263,1485,0.24646464646464647,0.061952861952861954,0.44036009002250565
687363,618,0.24757281553398058,0.07766990291262135,0.292817679558011
687401,1085,0.17695852534562212,0.0792626728110599,0.3432682425488181
687462,833,0.1836734693877551,0.10804321728691477,0.4326923076923077
687515,132,0.3712121212121212,0.05303030303030303,0.4166666666666667
687529,156,0.42948717948717946,0.05128205128205128,0.3493150684931507
687551,109,0.1834862385321101,0.06422018348623854,0.35
687597,772,0.30958549222797926,0.07124352331606218,0.382228490832158
687637,137,0.26277372262773724,0.1897810218978102,0.4
687799,109,0.3119266055045872,0.11926605504587157,0.40625
687859,121,0.21487603305785125,0.06611570247933884,0.41964285714285715
687952,501,0.2714570858283433,0.041916167664670656,0.40384615384615385
687957,50,0.3,0.08,0.43478260869565216
688363,216,0.2361111111111111,0.09722222222222222,0.35751295336787564
688760,74,0.3783783783783784,0.08108108108108109,0.46153846153846156
689172,466,0.2553648068669528,0.06223175965665236,0.3192488262910798
689200,78,0.3717948717948718,0.07692307692307693,0.18571428571428572
689414,390,0.14358974358974358,0.11025641025641025,0.3463855421686747
690022,207,0.2946859903381642,0.04830917874396135,0.33689839572192515
690291,152,0.29605263157894735,0.1513157894736842,0.2265625
690924,120,0.3,0.058333333333333334,0.32407407407407407
690976,97,0.36082474226804123,0.1134020618556701,0.30952380952380953
690987,206,0.30097087378640774,0.038834951456310676,0.3147208121827411
690993,1065,0.2112676056338028,0.08544600938967137,0.3852544132917965
691011,56,0.375,0.03571428571428571,0.2222222222222222
691016,975,0.24307692307692308,0.0882051282051282,0.4308571428571429
691019,297,0.25925925925925924,0.12457912457912458,0.41106719367588934
691023,1039,0.2694898941289702,0.07314725697786333,0.3780359028511088
691026,1311,0.18077803203661327,0.06483600305110603,0.37583333333333335
691176,530,0.2679245283018868,0.1018867924528302,0.40085287846481876
691182,164,0.20121951219512196,0.07317073170731707,0.25
691185,61,0.2786885245901639,0.09836065573770492,0.3888888888888889
691406,868,0.19815668202764977,0.06221198156682028,0.5031133250311333
691594,378,0.11904761904761904,0.05291005291005291,0.3850574712643678
691718,1105,0.24615384615384617,0.048868778280542986,0.4302788844621514
691720,156,0.26282051282051283,0.09615384615384616,0.2773722627737226
691723,340,0.31176470588235294,0.09117647058823529,0.34868421052631576
691777,220,0.3090909090909091,0.045454545454545456,0.3786407766990291
691781,274,0.2846715328467153,0.029197080291970802,0.3218390804597701
691783,110,0.33636363636363636,0.08181818181818182,0.23469387755102042
691785,136,0.3014705882352941,0.058823529411764705,0.4015748031496063
692216,145,0.2620689655172414,0.08275862068965517,0.40310077519379844
692225,263,0.2737642585551331,0.11026615969581749,0.34497816593886466
692585,147,0.29931972789115646,0.05442176870748299,0.34782608695652173
693049,301,0.2691029900332226,0.053156146179401995,0.30935251798561153
693304,923,0.19826652221018418,0.04875406283856988,0.37543859649122807
693307,592,0.2533783783783784,0.052364864864864864,0.40255009107468126
694192,1209,0.20843672456575682,0.058726220016542596,0.471900089206066
694208,69,0.18840579710144928,0.13043478260869565,0.45
694212,118,0.2542372881355932,0.05084745762711865,0.3302752293577982
694359,129,0.3953488372093023,0.10852713178294573,0.2920353982300885
694362,104,0.34615384615384615,0.09615384615384616,0.2558139534883721
694374,225,0.28444444444444444,0.08888888888888889,0.34673366834170855
694376,78,0.23076923076923078,0.0641025641025641,0.2602739726027397
694377,114,0.23684210526315788,0.06140350877192982,0.33962264150943394
694384,1303,0.148119723714505,0.1128165771297007,0.3709677419354839
694388,367,0.33242506811989103,0.04632152588555858,0.3911764705882353
694497,529,0.24007561436672967,0.10586011342155009,0.43043478260869567
694671,1130,0.23539823008849559,0.11061946902654868,0.4230769230769231
695238,231,0.18181818181818182,0.09090909090909091,0.3526570048309179
695257,55,0.36363636363636365,0.0,0.43636363636363634
695336,347,0.27953890489913547,0.05187319884726225,0.33641975308641975
695391,207,0.2222222222222222,0.11594202898550725,0.29545454545454547
695506,232,0.22413793103448276,0.07758620689655173,0.29523809523809524
695578,1025,0.3102439024390244,0.12097560975609756,0.45912653975363943
695600,69,0.17391304347826086,0.13043478260869565,0.55
695657,284,0.29225352112676056,0.0880281690140845,0.5294117647058824
695681,184,0.33695652173913043,0.10326086956521739,0.37037037037037035
695734,351,0.15954415954415954,0.05982905982905983,0.4984423676012461
696030,176,0.19318181818181818,0.11931818181818182,0.2781456953642384
696100,880,0.2727272727272727,0.05227272727272727,0.4823386114494519
696285,1006,0.1878727634194831,0.06660039761431412,0.31590656284760843
700242,471,0.28874734607218683,0.07643312101910828,0.3014018691588785
700246,106,0.41509433962264153,0.05660377358490566,0.35353535353535354
700250,729,0.2139917695473251,0.09876543209876543,0.46153846153846156
700337,403,0.1761786600496278,0.0794044665012407,0.3561643835616438
700932,718,0.25487465181058494,0.0807799442896936,0.4434108527131783
701305,174,0.3390804597701149,0.08045977011494253,0.36875
701350,303,0.27722772277227725,0.132013201320132,0.46303501945525294
701358,493,0.2778904665314402,0.0872210953346856,0.35827664399092973
701398,63,0.25396825396825395,0.06349206349206349,0.5423728813559322
701538,1115,0.19461883408071748,0.059192825112107626,0.48490749756572543
701675,65,0.27692307692307694,0.046153846153846156,0.25
701762,489,0.30879345603271985,0.12883435582822086,0.6190476190476191
702176,153,0.24183006535947713,0.05228758169934641,0.29411764705882354
702284,257,0.1828793774319066,0.10894941634241245,0.30493273542600896
702332,539,0.10760667903525047,0.061224489795918366,0.3881856540084388
702358,215,0.19069767441860466,0.07441860465116279,0.23711340206185566
702616,857,0.24387397899649943,0.08284714119019837,0.3595360824742268
802415,441,0.09750566893424037,0.045351473922902494,0.34541062801932365
805249,220,0.31363636363636366,0.05454545454545454,0.40703517587939697
805300,234,0.20512820512820512,0.09401709401709402,0.4784688995215311
805367,505,0.14257425742574256,0.0891089108910891,0.32
805373,240,0.24583333333333332,0.05,0.2981651376146789
805779,626,0.07827476038338659,0.05591054313099041,0.42387543252595156
805904,52,0.38461538461538464,0.09615384615384616,0.5531914893617021
807712,207,0.14009661835748793,0.09178743961352658,0.44505494505494503
807713,460,0.21956521739130436,0.09347826086956522,0.3829268292682927
807799,1209,0.12985938792390406,0.058726220016542596,0.4258589511754069
808975,170,0.3058823529411765,0.041176470588235294,0.38509316770186336
808982,775,0.10838709677419354,0.07354838709677419,0.39148936170212767
810938,295,0.21694915254237288,0.05084745762711865,0.3104693140794224
