season,week,market,side,player,line,price,book,model_p,mkt_p,won,profit,logged,position,team,snap_share,thin,focus_slice
2026,3,ATD_longshot,Yes,Quinshon Judkins,0.5,3500,draftkings,0.391,0.0277777777777777,0,-1.0,2026-09-20,RB,CLE,0.66,false,false
2026,3,ATD_longshot,Yes,Tetairoa McMillan,0.5,7000,fanatics,0.368,0.0151515151515151,0,-1.0,2026-09-20,WR/TE,CAR,0.81,false,true
2026,3,ATD_longshot,Yes,Raheim Sanders,0.5,9000,draftkings,0.341,0.0125367590156322,0,-1.0,2026-09-20,RB,CLE,0.27,false,false
2026,3,ATD_longshot,Yes,Jalen Coker,0.5,9000,draftkings,0.331,0.0109890109890109,0,-1.0,2026-09-20,WR/TE,CAR,0.8,false,true
2026,3,ATD_longshot,Yes,Elic Ayomanor,0.5,15000,draftkings,0.326,0.0199779249448123,0,-1.0,2026-09-20,WR/TE,TEN,0.53,false,true
2026,3,ATD_longshot,Yes,Xavier Legette,0.5,10000,fanatics,0.304,0.0111233345556777,,,2026-09-20,WR/TE,CAR,0.52,false,true
2026,3,ATD_longshot,Yes,Tee Higgins,0.5,3500,draftkings,0.324,0.032258064516129,1,35.0,2026-09-20,WR/TE,CIN,0.72,false,true
2026,3,ATD_longshot,Yes,Rhamondre Stevenson,0.5,4500,betmgm,0.316,0.024390243902439,0,-1.0,2026-09-20,RB,NE,0.6,false,false
2026,3,ATD_longshot,Yes,Romeo Doubs,0.5,18000,draftkings,0.296,0.0099009900990099,0,-1.0,2026-09-20,WR/TE,NE,0.61,false,true
2026,3,ATD_longshot,Yes,Tony Pollard,0.5,6500,fanduel,0.301,0.016504329004329,0,-1.0,2026-09-20,RB,TEN,0.54,false,false
2026,3,ATD_longshot,Yes,Mitchell Evans,0.5,14000,draftkings,0.287,0.008496594340285,0,-1.0,2026-09-20,WR/TE,CAR,0.49,false,true
2026,3,ATD_longshot,Yes,Bryce Young,0.5,6000,fanatics,0.278,0.0178571428571428,0,-1.0,2026-09-20,QB,CAR,0.92,false,false
2026,3,ATD_longshot,Yes,Mike Gesicki,0.5,7500,fanduel,0.279,0.0196078431372549,1,75.0,2026-09-20,WR/TE,CIN,0.34,false,true
2026,3,ATD_longshot,Yes,Gunnar Helm,0.5,17000,draftkings,0.263,0.0058479532163742,0,-1.0,2026-09-20,WR/TE,TEN,0.81,false,true
2026,3,ATD_longshot,Yes,Tez Johnson,0.5,5500,fanduel,0.277,0.024390243902439,0,-1.0,2026-09-20,WR/TE,TB,0.26,false,true
2026,3,ATD_longshot,Yes,Chimere Dike,0.5,13000,draftkings,0.256,0.0076335877862595,0,-1.0,2026-09-20,WR/TE,TEN,0.06,false,true
2026,3,ATD_longshot,Yes,Mack Hollins,0.5,13000,draftkings,0.262,0.0138790664780763,0,-1.0,2026-09-20,WR/TE,NE,0.7,false,true
2026,3,ATD_longshot,Yes,Harold Fannin Jr.,0.5,6000,fanduel,0.263,0.0196078431372549,1,60.0,2026-09-20,WR/TE,CLE,0.84,false,true
2026,3,ATD_longshot,Yes,Jerry Jeudy,0.5,7000,draftkings,0.259,0.0196078431372549,,,2026-09-20,WR/TE,CLE,0.61,false,true
2026,3,ATD_longshot,Yes,Hunter Henry,0.5,15000,draftkings,0.245,0.0131472163609803,0,-1.0,2026-09-20,WR/TE,NE,0.83,false,true
2026,3,ATD_longshot,Yes,Eli Raridon,0.5,20000,draftkings,0.232,0.0049751243781094,,,2026-09-20,WR/TE,NE,0.37,false,true
2026,3,ATD_longshot,Yes,Jalen Hurts,0.5,2500,williamhill_us,0.266,0.0434782608695652,1,25.0,2026-09-20,QB,PHI,1.0,false,false
2026,3,ATD_longshot,Yes,Drake Maye,0.5,6600,betmgm,0.238,0.0217391304347826,0,-1.0,2026-09-20,QB,NE,1.0,false,false
2026,3,ATD_longshot,Yes,Tyjae Spears,0.5,9000,draftkings,0.225,0.0109890109890109,0,-1.0,2026-09-20,RB,TEN,0.43,false,false
2026,3,ATD_longshot,Yes,Aaron Jones,0.5,14000,draftkings,0.231,0.0178571428571428,0,-1.0,2026-09-20,RB,MIN,0.64,false,false
2026,3,ATD_longshot,Yes,Andrei Iosivas,0.5,10000,draftkings,0.224,0.0159708249496981,,,2026-09-20,WR/TE,CIN,0.57,false,true
2026,3,ATD_longshot,Yes,Adonai Mitchell,0.5,2700,fanduel,0.237,0.04,,,2026-09-20,WR/TE,NYJ,0.75,false,true
2026,3,ATD_longshot,Yes,Justin Jefferson,0.5,12000,draftkings,0.227,0.0344827586206896,0,-1.0,2026-09-20,WR/TE,MIN,0.96,false,true
2026,3,ATD_longshot,Yes,Dontayvion Wicks,0.5,1900,fanduel,0.243,0.0527777777777777,0,-1.0,2026-09-20,WR/TE,PHI,0.77,false,true
2026,3,ATD_longshot,Yes,Jaylen Warren,0.5,4000,fanduel,0.222,0.032258064516129,0,-1.0,2026-09-20,RB,PIT,0.54,false,false
2026,3,ATD_longshot,Yes,DeMario Douglas,0.5,20000,draftkings,0.201,0.0119927485706317,0,-1.0,2026-09-20,WR/TE,NE,0.54,false,true
2026,3,ATD_longshot,Yes,Wan'Dale Robinson,0.5,9000,draftkings,0.195,0.0109890109890109,1,90.0,2026-09-20,WR/TE,TEN,0.68,false,true
2026,3,ATD_longshot,Yes,Tanner Hudson,0.5,13000,draftkings,0.185,0.0076335877862595,0,-1.0,2026-09-20,WR/TE,CIN,0.09,false,true
2026,3,ATD_longshot,Yes,Jordan Addison,0.5,19000,draftkings,0.204,0.0277777777777777,1,190.0,2026-09-20,WR/TE,MIN,0.85,false,true
2026,3,ATD_longshot,Yes,Tommy Tremble,0.5,16000,draftkings,0.178,0.0080560851116167,0,-1.0,2026-09-20,WR/TE,CAR,0.56,false,true
2026,3,ATD_longshot,Yes,Geno Smith,0.5,7000,fanduel,0.182,0.0217391304347826,0,-1.0,2026-09-20,QB,NYJ,1.0,false,false
2026,3,ATD_longshot,Yes,Daniel Bellinger,0.5,17000,draftkings,0.165,0.0058479532163742,0,-1.0,2026-09-20,WR/TE,TEN,0.36,false,true
2026,3,ATD_longshot,Yes,Baker Mayfield,0.5,2800,fanatics,0.197,0.0434782608695652,0,-1.0,2026-09-20,QB,TB,1.0,false,false
2026,3,ATD_longshot,Yes,DK Metcalf,0.5,2500,fanduel,0.204,0.0526315789473684,1,25.0,2026-09-20,WR/TE,PIT,0.96,false,true
2026,3,ATD_longshot,Yes,Samaje Perine,0.5,4000,fanduel,0.178,0.0277777777777777,0,-1.0,2026-09-20,RB,CIN,0.34,false,false
2026,3,ATD_longshot,Yes,Arian Smith,0.5,13000,draftkings,0.157,0.0087672889426347,,,2026-09-20,WR/TE,NYJ,0.02,false,true
2026,3,ATD_longshot,Yes,Bijan Robinson,0.5,4000,draftkings,0.164,0.024390243902439,1,40.0,2026-09-20,RB,ATL,0.64,false,false
2026,3,ATD_longshot,Yes,Woody Marks,0.5,1700,draftkings,0.201,0.0666666666666666,1,17.0,2026-09-20,RB,HOU,0.49,false,false
2026,3,ATD_longshot,Yes,Derius Davis,0.5,2000,draftkings,0.195,0.0625,0,-1.0,2026-09-20,WR/TE,LAC,0.15,false,true
2026,3,ATD_longshot,Yes,Jeremy Ruckert,0.5,9000,draftkings,0.147,0.0163934426229508,1,90.0,2026-09-20,WR/TE,NYJ,0.39,false,true
2026,3,ATD_longshot,Yes,T.J. Hockenson,0.5,20000,draftkings,0.152,0.024390243902439,0,-1.0,2026-09-20,WR/TE,MIN,0.68,false,true
2026,3,ATD_longshot,Yes,Connor Heyward,0.5,2200,fanatics,0.183,0.0555555555555555,0,-1.0,2026-09-20,RB,LV,0.39,false,false
2026,3,ATD_longshot,Yes,Mason Taylor,0.5,4500,draftkings,0.15,0.024390243902439,,,2026-09-20,WR/TE,NYJ,0.56,false,true
2026,3,ATD_longshot,Yes,Deshaun Watson,0.5,8000,draftkings,0.139,0.0136212008895478,0,-1.0,2026-09-20,QB,CLE,1.0,false,false
2026,3,ATD_longshot,Yes,Quintin Morris,0.5,4000,fanatics,0.161,0.0384615384615384,,,2026-09-20,WR/TE,JAX,0.32,false,true
2026,3,ATD_longshot,Yes,Pat Freiermuth,0.5,4500,fanduel,0.146,0.0277777777777777,0,-1.0,2026-09-20,WR/TE,PIT,0.7,false,true
2026,3,ATD_longshot,Yes,Drew Sample,0.5,16000,draftkings,0.127,0.0099009900990099,0,-1.0,2026-09-20,WR/TE,CIN,0.63,false,true
2026,3,ATD_longshot,Yes,Drake London,0.5,5000,fanatics,0.137,0.0217391304347826,0,-1.0,2026-09-20,WR/TE,ATL,0.8,false,true
2026,3,ATD_longshot,Yes,Jahdae Walker,0.5,12500,williamhill_us,0.121,0.0089187490177589,,,2026-09-20,WR/TE,CHI,0.27,false,true
2026,3,ATD_longshot,Yes,Corey Kiner,0.5,10000,fanatics,0.124,0.0123456790123456,0,-1.0,2026-09-20,RB,NE,0.09,false,false
2026,3,ATD_longshot,Yes,KC Concepcion,0.5,6500,fanduel,0.129,0.0206734867860187,0,-1.0,2026-09-20,WR/TE,CLE,0.68,false,true
2026,3,ATD_longshot,Yes,D'Andre Swift,0.5,4000,fanduel,0.139,0.032258064516129,0,-1.0,2026-09-20,RB,CHI,0.62,false,false
2026,3,ATD_longshot,Yes,Roman Wilson,0.5,5000,fanduel,0.133,0.032258064516129,1,50.0,2026-09-20,WR/TE,PIT,0.67,false,true
2026,3,ATD_longshot,Yes,AJ Dillon,0.5,3300,fanduel,0.132,0.0344827586206896,0,-1.0,2026-09-20,RB,CAR,0.08,false,false
2026,3,ATD_longshot,Yes,Rome Odunze,0.5,4000,fanduel,0.128,0.0311302681992337,0,-1.0,2026-09-20,WR/TE,CHI,0.66,false,true
2026,3,ATD_longshot,Yes,Jonnu Smith,0.5,1700,draftkings,0.159,0.0662393162393162,0,-1.0,2026-09-20,WR/TE,GB,0.34,false,true
2026,3,ATD_longshot,Yes,Joe Burrow,0.5,11000,draftkings,0.104,0.0146180110968843,0,-1.0,2026-09-20,QB,CIN,1.0,false,false
2026,3,ATD_longshot,Yes,Isaiah Williams,0.5,4500,fanduel,0.111,0.024390243902439,0,-1.0,2026-09-20,WR/TE,NYJ,0.71,false,true
2026,3,ATD_longshot,Yes,Josh Oliver,0.5,40000,draftkings,0.103,0.0163934426229508,0,-1.0,2026-09-20,WR/TE,MIN,0.62,false,true
2026,3,ATD_longshot,Yes,Darnell Washington,0.5,7000,fanduel,0.104,0.0196078431372549,0,-1.0,2026-09-20,WR/TE,PIT,0.58,false,true
2026,3,ATD_longshot,Yes,Skyy Moore,0.5,4000,draftkings,0.116,0.0339342523860021,0,-1.0,2026-09-20,WR/TE,GB,0.21,false,true
2026,3,ATD_longshot,Yes,C.J. Stroud,0.5,5000,fanatics,0.099,0.024390243902439,0,-1.0,2026-09-20,QB,HOU,1.0,false,false
2026,3,ATD_longshot,Yes,Colston Loveland,0.5,3500,fanduel,0.102,0.032258064516129,0,-1.0,2026-09-20,WR/TE,CHI,0.86,false,true
2026,3,ATD_longshot,Yes,Kyle Pitts,0.5,8000,fanatics,0.082,0.0143695608176482,0,-1.0,2026-09-20,WR/TE,ATL,0.51,false,true
2026,3,ATD_longshot,Yes,Brian Robinson,0.5,8000,draftkings,0.077,0.0132150930272996,1,80.0,2026-09-20,RB,ATL,0.36,false,false
2026,3,ATD_longshot,Yes,Carson Wentz,0.5,40000,draftkings,0.073,0.0109890109890109,,,2026-09-20,QB,MIN,0.92,false,false
2026,3,ATD_longshot,Yes,Kirk Cousins,0.5,3000,fanatics,0.104,0.0434782608695652,0,-1.0,2026-09-20,QB,LV,1.0,false,false
2026,3,ATD_longshot,Yes,Cole Kmet,0.5,9000,draftkings,0.071,0.0116279069767441,0,-1.0,2026-09-20,WR/TE,CHI,0.63,false,true
2026,3,ATD_longshot,Yes,Will Shipley,0.5,6500,draftkings,0.075,0.0157724788872329,0,-1.0,2026-09-20,RB,PHI,0.34,false,false
2026,3,ATD_longshot,Yes,Jaylin Noel,0.5,1800,draftkings,0.117,0.0625,0,-1.0,2026-09-20,WR/TE,HOU,0.45,false,true
2026,3,ATD_longshot,Yes,Jahan Dotson,0.5,10000,fanatics,0.068,0.0138790664780763,0,-1.0,2026-09-20,WR/TE,ATL,0.69,false,true
2026,3,ATD_longshot,Yes,Kyle Monangai,0.5,4000,draftkings,0.104,0.05,0,-1.0,2026-09-20,RB,CHI,0.39,false,false
2026,3,ATD_longshot,Yes,Cade Stover,0.5,6000,draftkings,0.081,0.0277777777777777,,,2026-09-20,WR/TE,HOU,0.2,false,true
2026,3,ATD_longshot,Yes,Carnell Tate,0.5,8000,draftkings,0.065,0.0123456790123456,0,-1.0,2026-09-20,WR/TE,TEN,0.81,false,true
2026,3,ATD_longshot,Yes,Aaron Rodgers,0.5,10000,fanatics,0.068,0.0217391304347826,0,-1.0,2026-09-20,QB,PIT,0.98,false,false
2026,3,ATD_longshot,Yes,Ameer Abdullah,0.5,1700,fanatics,0.114,0.0678733031674208,0,-1.0,2026-09-20,RB,JAX,0.1,false,false
2026,3,ATD_longshot,Yes,Olamide Zaccheaus,0.5,5000,fanatics,0.066,0.0236928104575163,0,-1.0,2026-09-20,WR/TE,ATL,0.36,false,true
2026,3,ATD_longshot,Yes,Jordan Love,0.5,2000,draftkings,0.102,0.0622710622710622,0,-1.0,2026-09-20,QB,GB,1.0,false,false
2026,3,ATD_longshot,Yes,Brady Russell,0.5,3500,draftkings,0.061,0.0294117647058823,0,-1.0,2026-09-20,RB,SEA,0.39,false,false
2026,3,ATD_longshot,Yes,DeeJay Dallas,0.5,30000,draftkings,0.054,0.0277777777777777,0,-1.0,2026-09-20,RB,MIN,0.12,false,false
2026,3,ATD_longshot,Yes,Jared Wayne,0.5,3500,draftkings,0.063,0.0384615384615384,0,-1.0,2026-09-20,WR/TE,HOU,0.41,false,true
2026,3,ATD_longshot,Yes,Luther Burden III,0.5,4500,fanduel,0.056,0.0339366515837104,1,45.0,2026-09-20,WR/TE,CHI,0.65,false,true
2026,3,ATD_longshot,Yes,Foster Moreau,0.5,4000,draftkings,0.046,0.0333333333333333,1,40.0,2026-09-20,WR/TE,HOU,0.36,false,true
2026,3,ATD_longshot,Yes,Blake Whiteheart,0.5,4000,betmgm,0.037,0.024390243902439,,,2026-09-20,WR/TE,CLE,0.43,false,true
2026,3,ATD_longshot,Yes,Kalif Raymond,0.5,4500,fanduel,0.042,0.0344827586206896,1,45.0,2026-09-20,WR/TE,CHI,0.61,false,true
2026,3,ATD_longshot,Yes,Cody White,0.5,3500,fanatics,0.039,0.0409698996655518,1,35.0,2026-09-20,WR/TE,LV,0.14,false,true
2026,3,ATD_longshot,Yes,Makai Lemon,0.5,3000,draftkings,0.026,0.032258064516129,0,-1.0,2026-09-20,WR/TE,PHI,0.64,false,true
2026,3,ATD_longshot,Yes,Ted Hurst III,0.5,2800,betmgm,0.041,0.0526315789473684,1,28.0,2026-09-20,WR/TE,TB,0.74,false,true
2026,3,RECV_under_combo,Under,Woody Marks,4.5,-255,draftkings,0.986,0.718,1,0.39215686274509803,2026-09-20,RB,HOU,0.49,false,false
2026,3,RECV_under_combo,Under,Isaiah Likely,4.5,-122,fanduel,0.744,0.552,1,0.819672131147541,2026-09-20,WR/TE,NYG,0.59,false,false
2026,3,RECV_under_combo,Under,Davante Adams,5.5,-148,fanduel,0.781,0.601,0,-1.0,2026-09-20,WR/TE,LA,0.59,false,false
2026,3,RECV_under_combo,Under,Breece Hall,5.5,-225,draftkings,0.975,0.692,1,0.4444444444444444,2026-09-20,RB,NYJ,0.61,false,false
2026,3,RECV_under_combo,Under,Denzel Boston,5.5,-650,draftkings,1.0,0.867,1,0.15384615384615385,2026-09-20,WR/TE,CLE,0.93,false,false
2026,3,RECV_under_combo,Under,KC Concepcion,6.5,-450,draftkings,1.0,0.818,1,0.2222222222222222,2026-09-20,WR/TE,CLE,0.68,false,false
2026,3,RECV_under_combo,Under,Adonai Mitchell,5.5,-155,draftkings,0.973,0.608,,,2026-09-20,WR/TE,NYJ,0.75,false,false
2026,3,RECV_under_combo,Under,Ashton Jeanty,4.5,-170,fanatics,0.67,0.632,1,0.5882352941176471,2026-09-20,RB,LV,0.78,false,false
2026,3,RECV_under_combo,Under,CeeDee Lamb,5.5,115,betmgm,0.509,0.478,0,-1.0,2026-09-20,WR/TE,DAL,0.78,false,false
2026,3,RECV_under_combo,Under,Michael Mayer,5.5,-145,draftkings,0.876,0.592,1,0.6896551724137931,2026-09-20,WR/TE,LV,0.82,false,false
2026,3,RECV_under_combo,Under,Michael Mayer,4.5,128,fanduel,0.753,0.447,1,1.28,2026-09-20,WR/TE,LV,0.82,false,false
2026,3,RECV_under_combo,Under,Josh Downs,4.5,-160,betmgm,0.763,0.617,0,-1.0,2026-09-20,WR/TE,IND,0.86,false,false
2026,3,RECV_under_combo,Under,Jaylen Waddle,4.5,-125,betmgm,0.744,0.558,1,0.8,2026-09-20,WR/TE,DEN,0.68,false,false
2026,3,RECV_under_combo,Under,Tyler Warren,4.5,110,betmgm,0.594,0.478,0,-1.0,2026-09-20,WR/TE,IND,0.91,false,false
2026,3,RECV_under_combo,Under,Parker Washington,4.5,100,betmgm,0.648,0.519,1,1.0,2026-09-20,WR/TE,JAX,0.71,false,false
2026,3,RECV_under_combo,Under,Malik Nabers,5.5,-105,draftkings,0.651,0.533,1,0.9523809523809523,2026-09-20,WR/TE,NYG,0.63,false,false
2026,3,RECV_under_combo,Under,Dalton Schultz,5.5,-105,draftkings,0.676,0.512,1,0.9523809523809523,2026-09-20,WR/TE,HOU,0.67,false,false
2026,3,RECV_under_combo,Under,Terry McLaurin,4.5,-134,draftkings,0.737,0.574,0,-1.0,2026-09-20,WR/TE,WAS,0.78,false,false
2026,3,ATD_longshot,Yes,Matthew Golden,0.5,2700,fanduel,0.213,0.0409698996655518,1,27.0,2026-09-20,WR/TE,GB,0.84,false,true
2026,3,ATD_longshot,Yes,Tucker Kraft,0.5,2700,fanduel,0.183,0.0495169082125603,0,-1.0,2026-09-20,WR/TE,GB,0.82,false,true
2026,3,ATD_longshot,Yes,Bo Melton,0.5,4000,fanatics,0.098,0.024390243902439,0,-1.0,2026-09-20,WR/TE,GB,0.14,false,true
2026,3,ATD_longshot,Yes,Travis Hunter,0.5,1900,betmgm,0.263,0.0666666666666666,0,-1.0,2026-09-20,WR/TE,JAX,0.09,false,true
2026,3,RECV_under_combo,Under,Quentin Johnston,4.5,-180,draftkings,0.718,0.643,1,0.5555555555555556,2026-09-20,WR/TE,LAC,0.8,false,false
2026,3,ATD_longshot,Yes,Austin Hooper,0.5,1650,betmgm,0.157,0.0625,1,16.5,2026-09-21,WR/TE,ATL,0.33,false,true
2026,3,ATD_longshot,Yes,Charlie Woerner,0.5,2800,fanatics,0.068,0.0476190476190476,,,2026-09-21,WR/TE,ATL,0.55,false,true
2026,3,RECV_under_combo,Under,Christian Watson,4.5,-105,espnbet,0.629,0.519,0,-1.0,2026-09-21,WR/TE,GB,0.83,false,false
2026,3,RECV_under_combo,Under,Matthew Golden,4.5,-143,draftkings,0.807,0.597,0,-1.0,2026-09-21,WR/TE,GB,0.84,false,false
2026,3,ATD_longshot,Yes,Isaiah Bond,0.5,2200,betmgm,0.208,0.0526315789473684,,,2026-09-22,WR/TE,CLE,0.11,false,true
2026,3,ATD_longshot,Yes,Treylon Burks,0.5,1700,fanatics,0.192,0.0555555555555555,1,17.0,2026-09-22,WR/TE,WAS,0.3,false,true
2026,3,ATD_longshot,Yes,Efton Chism III,0.5,2800,fanatics,0.145,0.0384615384615384,0,-1.0,2026-09-22,WR/TE,NE,0.18,false,true
2026,3,ATD_longshot,Yes,KhaDarel Hodge,0.5,1500,fanatics,0.164,0.0625,0,-1.0,2026-09-22,WR/TE,SF,0.2,false,true
2026,3,ATD_longshot,Yes,Jaylin Lane,0.5,2200,fanatics,0.141,0.0434782608695652,0,-1.0,2026-09-22,WR/TE,WAS,0.21,false,true
2026,3,ATD_longshot,Yes,Ryan Miller,0.5,2300,williamhill_us,0.149,0.0520833333333333,0,-1.0,2026-09-22,WR/TE,MIA,0.06,false,true
2026,3,ATD_longshot,Yes,Tutu Atwell,0.5,2200,fanatics,0.13,0.0434782608695652,,,2026-09-22,WR/TE,LA,0.18,false,true
2026,3,ATD_longshot,Yes,Ben Skowronek,0.5,2800,betmgm,0.108,0.0384615384615384,1,28.0,2026-09-22,WR/TE,PIT,0.1,false,true
2026,3,ATD_longshot,Yes,Brevyn Spann-Ford,0.5,1700,fanatics,0.094,0.0666666666666666,0,-1.0,2026-09-22,WR/TE,DAL,0.3,false,true
2026,3,ATD_longshot,Yes,Ben Sinnott,0.5,1500,fanatics,0.076,0.0625,0,-1.0,2026-09-22,WR/TE,WAS,0.47,false,true
2026,3,ATD_longshot,Yes,Jonathan Mingo,0.5,2500,fanatics,0.06,0.0476190476190476,,,2026-09-22,WR/TE,DAL,0.2,false,true
2026,3,ATD_longshot,Yes,Dareke Young,0.5,1900,fanatics,0.059,0.05,0,-1.0,2026-09-22,WR/TE,LV,0.17,false,true
2026,3,ATD_longshot,Yes,Ian Thomas,0.5,1700,fanatics,0.058,0.0555555555555555,,,2026-09-22,WR/TE,LV,0.47,false,true
2026,3,ATD_longshot,Yes,Malik Benson,0.5,1500,fanatics,0.063,0.0625,0,-1.0,2026-09-22,WR/TE,LV,0.12,false,true
2026,3,ATD_longshot,Yes,Colson Yankoff,0.5,3000,fanatics,0.022,0.032258064516129,0,-1.0,2026-09-22,WR/TE,WAS,0.16,false,true
2026,3,RECV_under_combo,Under,Drake London,5.5,-129,draftkings,0.655,0.6,0,-1.0,2026-09-22,WR/TE,ATL,0.8,false,false
2026,3,RECV_under_combo,Under,Ladd McConkey,4.5,-132,draftkings,0.613,0.569,1,0.7575757575757576,2026-09-22,WR/TE,LAC,0.47,false,false
2026,3,RECV_under_combo,Under,Tucker Kraft,4.5,-185,betmgm,0.725,0.649,1,0.5405405405405406,2026-09-22,WR/TE,GB,0.82,false,false
2026,3,ATD_longshot,Yes,Eric Saubert,0.5,1500,fanatics,0.158,0.0666666666666666,1,15.0,2026-09-24,WR/TE,SEA,0.22,false,true
2026,3,ATD_longshot,Yes,Nate Adkins,0.5,1650,betmgm,0.147,0.0625,1,16.5,2026-09-24,WR/TE,DEN,0.31,false,true
2026,3,ATD_longshot,Yes,Luke Schoonmaker,0.5,1700,draftkings,0.083,0.0666666666666666,0,-1.0,2026-09-24,WR/TE,DAL,0.26,false,true
2026,3,RECV_under_combo,Under,DeVonta Smith,5.5,100,betmgm,0.583,0.511,0,-1.0,2026-09-24,WR/TE,PHI,0.92,false,false
2026,3,RECV_under_combo,Under,Tetairoa McMillan,4.5,-102,fanduel,0.549,0.518,1,0.9803921568627451,2026-09-24,WR/TE,CAR,0.81,false,false
2026,3,RECV_under_combo,Under,Justin Jefferson,5.5,100,fanduel,0.594,0.5,1,1.0,2026-09-24,WR/TE,MIN,0.96,false,false
2026,3,RECV_under_combo,Under,Emeka Egbuka,4.5,-155,espnbet,0.667,0.61,0,-1.0,2026-09-24,WR/TE,TB,0.86,false,false
2026,3,RECV_under_combo,Under,Jalen Coker,4.5,122,draftkings,0.501,0.45,1,1.22,2026-09-24,WR/TE,CAR,0.8,false,false
2026,3,RECV_under_combo,Under,Jalen Coker,5.5,-174,fanduel,0.674,0.635,1,0.5747126436781609,2026-09-24,WR/TE,CAR,0.8,false,false
2026,3,RECV_under_combo,Under,Devaughn Vele,4.5,-160,espnbet,0.658,0.617,1,0.625,2026-09-24,WR/TE,NO,0.94,false,false
2026,3,RECV_under_combo,Under,Tee Higgins,4.5,-130,espnbet,0.638,0.586,0,-1.0,2026-09-24,WR/TE,CIN,0.72,false,false
2026,3,RECV_under_combo,Under,DK Metcalf,4.5,-130,fanduel,0.638,0.565,1,0.7692307692307693,2026-09-24,WR/TE,PIT,0.96,false,false
2026,3,RECV_under_combo,Under,Mark Andrews,4.5,-126,draftkings,0.716,0.567,1,0.7936507936507936,2026-09-24,WR/TE,BAL,0.71,false,false
2026,4,ATD_longshot,Yes,Jalen Royals,0.5,2700,fanduel,0.493,0.047619047619047616,0,-1.0,2026-09-27,WR/TE,KC,0.07,false,true
2026,4,ATD_longshot,Yes,Jahdae Walker,0.5,2500,fanduel,0.272,0.043478260869565216,,,2026-09-27,WR/TE,CHI,0.27,false,true
2026,4,ATD_longshot,Yes,Travis Hunter,0.5,1700,fanduel,0.283,0.0625,0,-1.0,2026-09-27,WR/TE,JAX,0.09,false,true
2026,4,ATD_longshot,Yes,Kevin Austin Jr.,0.5,1800,draftkings,0.222,0.05555555555555555,,,2026-09-27,WR/TE,NO,0.07,false,true
2026,4,ATD_longshot,Yes,Lil'Jordan Humphrey,0.5,2200,draftkings,0.211,0.047619047619047616,,,2026-09-27,WR/TE,DEN,0.05,false,true
2026,4,ATD_longshot,Yes,Treylon Burks,0.5,3000,draftkings,0.199,0.037037037037037035,1,30.0,2026-09-27,WR/TE,WAS,0.3,false,true
2026,4,ATD_longshot,Yes,Tanner Hudson,0.5,2500,fanduel,0.206,0.05277777777777778,0,-1.0,2026-09-27,WR/TE,CIN,0.09,false,true
2026,4,ATD_longshot,Yes,Isaiah Bond,0.5,3000,draftkings,0.182,0.03225806451612903,0,-1.0,2026-09-27,WR/TE,CLE,0.11,false,true
2026,4,ATD_longshot,Yes,Derius Davis,0.5,3000,draftkings,0.176,0.038461538461538464,0,-1.0,2026-09-27,WR/TE,LAC,0.15,false,true
2026,4,ATD_longshot,Yes,Chimere Dike,0.5,1900,fanduel,0.189,0.05263157894736842,0,-1.0,2026-09-27,WR/TE,TEN,0.06,false,true
2026,4,ATD_longshot,Yes,Eric Saubert,0.5,2800,betmgm,0.16,0.043478260869565216,0,-1.0,2026-09-27,WR/TE,SEA,0.22,false,true
2026,4,ATD_longshot,Yes,Ryan Miller,0.5,3000,draftkings,0.162,0.04880952380952381,0,-1.0,2026-09-27,WR/TE,MIA,0.06,false,true
2026,4,ATD_longshot,Yes,Jaylin Lane,0.5,3000,fanduel,0.146,0.0339080459770115,0,-1.0,2026-09-27,WR/TE,WAS,0.21,false,true
2026,4,ATD_longshot,Yes,Quintin Morris,0.5,2000,draftkings,0.158,0.047619047619047616,0,-1.0,2026-09-27,WR/TE,JAX,0.32,false,true
2026,4,ATD_longshot,Yes,John Bates,0.5,2200,draftkings,0.146,0.043478260869565216,,,2026-09-27,WR/TE,WAS,0.4,false,true
2026,4,ATD_longshot,Yes,Nate Adkins,0.5,2000,williamhill_us,0.147,0.05,,,2026-09-27,WR/TE,DEN,0.31,false,true
2026,4,ATD_longshot,Yes,Efton Chism III,0.5,2800,betmgm,0.133,0.047619047619047616,1,28.0,2026-09-27,WR/TE,NE,0.18,false,true
2026,4,ATD_longshot,Yes,Cody White,0.5,1700,betmgm,0.142,0.059027777777777776,0,-1.0,2026-09-27,WR/TE,LV,0.14,false,true
2026,4,ATD_longshot,Yes,Tutu Atwell,0.5,1800,draftkings,0.127,0.05555555555555555,0,-1.0,2026-09-27,WR/TE,LA,0.18,false,true
2026,4,ATD_longshot,Yes,Cade Stover,0.5,2800,betmgm,0.108,0.047619047619047616,0,-1.0,2026-09-27,WR/TE,HOU,0.2,false,true
2026,4,ATD_longshot,Yes,Daniel Bellinger,0.5,2200,draftkings,0.11,0.05012531328320802,0,-1.0,2026-09-27,WR/TE,TEN,0.36,false,true
2026,4,ATD_longshot,Yes,Brevyn Spann-Ford,0.5,1500,fanduel,0.094,0.06666666666666667,0,-1.0,2026-09-27,WR/TE,DAL,0.3,false,true
2026,4,ATD_longshot,Yes,Luke Schoonmaker,0.5,1400,draftkings,0.083,0.06666666666666667,,,2026-09-27,WR/TE,DAL,0.26,false,true
2026,4,ATD_longshot,Yes,Blake Whiteheart,0.5,2200,draftkings,0.061,0.047619047619047616,0,-1.0,2026-09-27,WR/TE,CLE,0.43,false,true
2026,4,ATD_longshot,Yes,Jonathan Mingo,0.5,2200,fanduel,0.06,0.047619047619047616,0,-1.0,2026-09-27,WR/TE,DAL,0.2,false,true
2026,4,ATD_longshot,Yes,Colson Yankoff,0.5,3000,draftkings,0.023,0.03571428571428571,0,-1.0,2026-09-27,WR/TE,WAS,0.16,false,true
2026,4,RECV_under_combo,Under,CeeDee Lamb,6.5,-114,fanduel,0.604,0.537,0,-1.0,2026-09-27,,,,,false
2026,4,RECV_under_combo,Under,Malik Nabers,5.5,-135,draftkings,0.759,0.574,0,-1.0,2026-09-27,,,,,false
2026,4,RECV_under_combo,Under,Parker Washington,4.5,120,espnbet,0.548,0.488,1,1.2,2026-09-27,,,,,false
2026,4,RECV_under_combo,Under,Terrance Ferguson,4.5,-170,espnbet,0.972,0.63,,,2026-09-27,,,,,false
2026,4,RECV_under_combo,Under,Ja'Marr Chase,10.5,-120,draftkings,0.921,0.564,1,0.8333333333333334,2026-09-27,,,,,false
2026,4,RECV_under_combo,Under,Tee Higgins,4.5,-125,fanatics,0.638,0.565,0,-1.0,2026-09-27,,,,,false
2026,4,RECV_under_combo,Under,Devaughn Vele,4.5,-152,draftkings,0.658,0.608,0,-1.0,2026-09-27,,,,,false
2026,4,RECV_under_combo,Under,Roman Wilson,4.5,110,espnbet,0.925,0.5,1,1.1,2026-09-27,,,,,false
2026,4,RECV_under_combo,Under,Josh Downs,6.5,110,draftkings,0.898,0.476,1,1.1,2026-09-27,,,,,false
2026,4,RECV_under_combo,Under,Jameson Williams,4.5,-200,espnbet,0.716,0.667,0,-1.0,2026-09-27,,,,,false
2026,4,RECV_under_combo,Under,DeVonta Smith,5.5,-105,espnbet,0.583,0.524,,,2026-09-27,,,,,false
2026,4,RECV_under_combo,Under,Terry McLaurin,4.5,-165,draftkings,0.781,0.623,,,2026-09-27,,,,,false
2026,4,RECV_under_combo,Under,Jeremy Ruckert,4.5,-245,draftkings,0.977,0.71,,,2026-09-27,,,,,false
2026,4,RECV_under_combo,Under,Justin Jefferson,6.5,-155,espnbet,0.743,0.608,,,2026-09-27,,,,,false
2026,4,RECV_under_combo,Under,Justin Jefferson,5.5,118,fanduel,0.594,0.476,,,2026-09-27,,,,,false
2026,4,RECV_under_combo,Under,Chris Bell,4.5,-140,draftkings,1.0,0.583,1,0.7142857142857143,2026-09-27,,,,,false
2026,4,RECV_under_combo,Under,Malik Washington,5.5,130,draftkings,0.919,0.435,1,1.3,2026-09-27,,,,,false
2026,4,RECV_under_combo,Under,Jahmyr Gibbs,6.5,-115,draftkings,0.783,0.54,1,0.8695652173913043,2026-09-27,,,,,false
2026,4,RECV_under_combo,Under,Mack Hollins,5.5,-180,draftkings,0.896,0.646,1,0.5555555555555556,2026-09-27,,,,,false
2026,4,RECV_under_combo,Under,Jalen Coker,5.5,-170,espnbet,0.674,0.63,,,2026-09-27,,,,,false
2026,4,RECV_under_combo,Under,Jalen Coker,4.5,120,draftkings,0.501,0.455,,,2026-09-27,,,,,false
2026,4,RECV_under_combo,Under,Emeka Egbuka,4.5,-147,draftkings,0.667,0.61,1,0.6802721088435374,2026-09-27,,,,,false
2026,4,RECV_under_combo,Under,Davante Adams,5.5,-102,fanduel,0.67,0.522,1,0.9803921568627451,2026-09-27,,,,,false
2026,4,RECV_under_combo,Under,Jaylen Waddle,5.5,-185,fanatics,0.759,0.649,1,0.5405405405405406,2026-09-27,,,,,false
2026,4,RECV_under_combo,Under,Jaylen Waddle,4.5,121,draftkings,0.596,0.459,0,-1.0,2026-09-27,,,,,false
2026,4,RECV_under_combo,Under,Brenton Strange,4.5,100,espnbet,0.777,0.523,0,-1.0,2026-09-27,,,,,false
2026,4,RECV_under_combo,Under,Garrett Wilson,6.5,120,espnbet,0.723,0.465,1,1.2,2026-09-27,,,,,false
2026,4,RECV_under_combo,Under,Mark Andrews,4.5,-150,espnbet,0.716,0.603,0,-1.0,2026-09-27,,,,,false
2026,4,RECV_under_combo,Under,Tyler Warren,7.5,110,draftkings,0.915,0.488,1,1.1,2026-09-27,,,,,false
2026,4,ATD_longshot,Yes,Hunter Long,0.5,1900,fanatics,0.257,0.05,0,-1.0,2026-09-29,WR/TE,ARI,0.33,false,true
2026,4,ATD_longshot,Yes,Marquez Valdes-Scantling,0.5,2200,fanatics,0.215,0.043478260869565216,0,-1.0,2026-09-29,WR/TE,LAC,0.04,false,true
2026,4,ATD_longshot,Yes,Ben Skowronek,0.5,1800,draftkings,0.163,0.0625,0,-1.0,2026-09-29,WR/TE,PIT,0.13,false,true
2026,4,ATD_longshot,Yes,Darius Cooper,0.5,1700,fanatics,0.156,0.05555555555555555,1,17.0,2026-09-29,WR/TE,PHI,0.22,false,true
2026,4,ATD_longshot,Yes,David Moore,0.5,1750,betmgm,0.131,0.05405405405405406,0,-1.0,2026-09-29,WR/TE,CAR,0.06,false,true
2026,4,ATD_longshot,Yes,Jelani Woods,0.5,1500,fanatics,0.138,0.0625,0,-1.0,2026-09-29,WR/TE,NYJ,0.3,false,true
2026,4,ATD_longshot,Yes,Robert Tonyan,0.5,3000,draftkings,0.09,0.034482758620689655,,,2026-09-29,WR/TE,PIT,0.04,false,true
2026,4,ATD_longshot,Yes,Jalen Brooks,0.5,1900,fanatics,0.066,0.05,0,-1.0,2026-09-29,WR/TE,ARI,0.05,false,true
2026,4,ATD_longshot,Yes,Dareke Young,0.5,1700,fanatics,0.06,0.06512605042016806,0,-1.0,2026-09-29,WR/TE,LV,0.17,false,true
2026,4,ATD_longshot,Yes,Ian Thomas,0.5,1400,fanatics,0.059,0.06666666666666667,1,14.0,2026-09-29,WR/TE,LV,0.38,false,true
2026,4,ATD_longshot,Yes,Jake Briningstool,0.5,1700,fanatics,0.022,0.05555555555555555,0,-1.0,2026-09-29,WR/TE,KC,0.14,false,true
2026,4,RECV_under_combo,Under,Tetairoa McMillan,4.5,120,draftkings,0.616,0.48,0,-1.0,2026-09-29,,,,,false
2026,4,ATD_longshot,Yes,Eli Raridon,0.5,1700,fanduel,0.228,0.06696428571428571,0,-1.0,2026-10-01,WR/TE,NE,0.37,false,true
2026,4,ATD_longshot,Yes,Payne Durham,0.5,4000,draftkings,0.156,0.03225806451612903,,,2026-10-01,WR/TE,TB,0.24,false,true
2026,4,ATD_longshot,Yes,Ashton Dulin,0.5,2000,draftkings,0.14,0.06066176470588235,0,-1.0,2026-10-01,WR/TE,IND,0.19,false,true
2026,4,ATD_longshot,Yes,Chris Blair,0.5,3000,draftkings,0.102,0.038461538461538464,0,-1.0,2026-10-01,WR/TE,ATL,0.28,false,true
2026,4,ATD_longshot,Yes,Sam Roush,0.5,1600,fanduel,0.089,0.058823529411764705,0,-1.0,2026-10-01,WR/TE,CHI,0.22,false,true
2026,4,ATD_longshot,Yes,Charlie Woerner,0.5,2500,draftkings,0.075,0.04880952380952381,0,-1.0,2026-10-01,WR/TE,ATL,0.57,false,true
2026,4,RECV_under_combo,Under,Dalton Kincaid,4.5,-110,espnbet,0.657,0.536,1,0.9090909090909091,2026-10-01,,,,,false
2026,4,RECV_under_combo,Under,Kenyon Sadiq,4.5,-148,fanduel,0.969,0.6,1,0.6756756756756757,2026-10-01,,,,,false
2026,4,RECV_under_combo,Under,Tucker Kraft,4.5,-165,draftkings,0.712,0.623,0,-1.0,2026-10-01,,,,,false
2026,4,RECV_under_combo,Under,Carnell Tate,4.5,-122,fanduel,0.959,0.556,0,-1.0,2026-10-01,,,,,false
2026,4,RECV_under_combo,Under,Isaiah Likely,4.5,-162,draftkings,0.739,0.618,0,-1.0,2026-10-01,,,,,false
2026,4,RECV_under_combo,Under,Matthew Golden,4.5,105,draftkings,0.758,0.502,1,1.05,2026-10-01,,,,,false
2026,4,RECV_under_combo,Under,Christian Watson,4.5,120,espnbet,0.546,0.46,1,1.2,2026-10-01,,,,,false
2026,4,RECV_under_combo,Under,Luther Burden III,4.5,-121,draftkings,0.642,0.556,1,0.8264462809917356,2026-10-01,,,,,false
2026,4,RECV_under_combo,Under,KC Concepcion,4.5,-165,betmgm,0.969,0.623,0,-1.0,2026-10-01,,,,,false
2026,4,RECV_under_combo,Under,Drake London,5.5,116,draftkings,0.549,0.488,1,1.16,2026-10-01,,,,,false
2026,4,RECV_under_combo,Under,Brock Bowers,7.5,-145,draftkings,0.707,0.592,1,0.6896551724137931,2026-10-01,,,,,false
2026,4,RECV_under_combo,Under,Brock Bowers,6.5,105,betmgm,0.564,0.488,1,1.05,2026-10-01,,,,,false
2026,5,ATD_longshot,Yes,Jahdae Walker,0.5,1700,fanduel,0.3,0.058823529411764705,,,2026-10-04,WR/TE,CHI,0.2,false,true
2026,5,ATD_longshot,Yes,Marquez Valdes-Scantling,0.5,2200,draftkings,0.216,0.05263157894736842,,,2026-10-04,WR/TE,LAC,0.04,false,true
2026,5,ATD_longshot,Yes,Dyami Brown,0.5,1900,fanduel,0.205,0.0625,,,2026-10-04,WR/TE,WAS,0.46,false,true
2026,5,ATD_longshot,Yes,Mo Alie-Cox,0.5,4000,fanduel,0.167,0.03337041156840934,,,2026-10-04,WR/TE,IND,0.34,false,true
2026,5,ATD_longshot,Yes,Sterling Shepard,0.5,1700,fanduel,0.191,0.0625,,,2026-10-04,WR/TE,NYJ,0.45,false,true
2026,5,ATD_longshot,Yes,Payne Durham,0.5,4000,draftkings,0.158,0.03337041156840934,0,-1.0,2026-10-04,WR/TE,TB,0.24,false,true
2026,5,ATD_longshot,Yes,Efton Chism III,0.5,1900,draftkings,0.173,0.0625,,,2026-10-04,WR/TE,NE,0.21,false,true
2026,5,ATD_longshot,Yes,John Bates,0.5,5500,draftkings,0.133,0.03225806451612903,,,2026-10-04,WR/TE,WAS,0.45,false,true
2026,5,ATD_longshot,Yes,Jaylin Lane,0.5,2800,fanatics,0.135,0.034482758620689655,,,2026-10-04,WR/TE,WAS,0.16,false,true
2026,5,ATD_longshot,Yes,Jelani Woods,0.5,2400,ballybet,0.139,0.045548654244306416,,,2026-10-04,WR/TE,NYJ,0.3,false,true
2026,5,ATD_longshot,Yes,Eric Saubert,0.5,1500,draftkings,0.154,0.06666666666666667,,,2026-10-04,WR/TE,SEA,0.24,false,true
2026,5,ATD_longshot,Yes,Ashton Dulin,0.5,2200,fanduel,0.148,0.0625,,,2026-10-04,WR/TE,IND,0.19,false,true
2026,5,ATD_longshot,Yes,Tutu Atwell,0.5,2000,betmgm,0.128,0.05334281650071124,,,2026-10-04,WR/TE,LA,0.18,false,true
2026,5,ATD_longshot,Yes,Cade Stover,0.5,1600,draftkings,0.134,0.06458333333333333,,,2026-10-04,WR/TE,HOU,0.28,false,true
2026,5,ATD_longshot,Yes,Ryan Miller,0.5,1800,fanduel,0.128,0.06458333333333333,,,2026-10-04,WR/TE,MIA,0.11,false,true
2026,5,ATD_longshot,Yes,Daniel Bellinger,0.5,1700,fanduel,0.123,0.06066176470588235,,,2026-10-04,WR/TE,TEN,0.38,false,true
2026,5,ATD_longshot,Yes,Antonio Williams,0.5,1600,draftkings,0.13,0.06904761904761905,,,2026-10-04,WR/TE,WAS,0.42,false,true
2026,5,ATD_longshot,Yes,Luke Farrell,0.5,1500,ballybet,0.125,0.06666666666666667,,,2026-10-04,WR/TE,SF,0.53,false,true
2026,5,ATD_longshot,Yes,Bo Melton,0.5,1600,fanduel,0.116,0.0625,,,2026-10-04,WR/TE,GB,0.2,false,true
2026,5,ATD_longshot,Yes,Ben Sinnott,0.5,6500,draftkings,0.072,0.0260840108401084,,,2026-10-04,WR/TE,WAS,0.48,false,true
2026,5,ATD_longshot,Yes,Chris Blair,0.5,2000,betmgm,0.103,0.06666666666666667,,,2026-10-04,WR/TE,ATL,0.28,false,true
2026,5,ATD_longshot,Yes,Sam Roush,0.5,2000,fanduel,0.089,0.05718954248366013,,,2026-10-04,WR/TE,CHI,0.22,false,true
2026,5,ATD_longshot,Yes,Charlie Woerner,0.5,2200,draftkings,0.076,0.045548654244306416,,,2026-10-04,WR/TE,ATL,0.57,false,true
2026,5,ATD_longshot,Yes,Jonathan Mingo,0.5,3000,draftkings,0.058,0.03571428571428571,0,-1.0,2026-10-04,WR/TE,DAL,0.19,false,true
2026,5,ATD_longshot,Yes,Jalen Brooks,0.5,2500,betmgm,0.067,0.045548654244306416,,,2026-10-04,WR/TE,ARI,0.05,false,true
2026,5,ATD_longshot,Yes,Ian Thomas,0.5,2500,draftkings,0.059,0.04304029304029304,,,2026-10-04,WR/TE,LV,0.38,false,true
2026,5,ATD_longshot,Yes,Dareke Young,0.5,2000,fanduel,0.06,0.05131578947368421,,,2026-10-04,WR/TE,LV,0.17,false,true
2026,5,ATD_longshot,Yes,Luke Schoonmaker,0.5,1600,ballybet,0.073,0.06666666666666667,0,-1.0,2026-10-04,WR/TE,DAL,0.24,false,true
2026,5,ATD_longshot,Yes,Colson Yankoff,0.5,9000,draftkings,0.021,0.014925373134328358,,,2026-10-04,WR/TE,WAS,0.26,false,true
2026,5,ATD_longshot,Yes,Jake Briningstool,0.5,2200,fanduel,0.022,0.04880952380952381,,,2026-10-04,WR/TE,KC,0.14,false,true
2026,5,RECV_under_combo,Under,Mark Andrews,4.5,-155,espnbet,0.731,0.634,,,2026-10-04,,,,,false
2026,5,RECV_under_combo,Under,Tee Higgins,4.5,-115,draftkings,0.581,0.54,,,2026-10-04,,,,,false
2026,5,RECV_under_combo,Under,Isaiah Likely,4.5,-151,draftkings,0.739,0.608,,,2026-10-04,,,,,false
2026,5,RECV_under_combo,Under,Josh Downs,4.5,-105,draftkings,0.615,0.518,,,2026-10-04,,,,,false
2026,5,RECV_under_combo,Under,Luther Burden III,4.5,-121,draftkings,0.642,0.579,,,2026-10-04,,,,,false
2026,5,RECV_under_combo,Under,Brock Bowers,6.5,114,draftkings,0.564,0.482,,,2026-10-04,,,,,false
2026,5,RECV_under_combo,Under,Jaylen Waddle,4.5,-121,draftkings,0.657,0.556,,,2026-10-04,,,,,false
2026,5,RECV_under_combo,Under,Drake London,5.5,120,betmgm,0.549,0.476,,,2026-10-04,,,,,false
2026,5,RECV_under_combo,Under,Garrett Wilson,6.5,-123,draftkings,0.616,0.565,,,2026-10-04,,,,,false
2026,5,RECV_under_combo,Under,Christian Watson,5.5,-160,betmgm,0.715,0.615,,,2026-10-04,,,,,false
2026,5,RECV_under_combo,Under,Christian Watson,4.5,116,fanduel,0.546,0.465,,,2026-10-04,,,,,false
2026,5,RECV_under_combo,Under,Parker Washington,5.5,-123,draftkings,0.751,0.574,,,2026-10-04,,,,,false
2026,5,RECV_under_combo,Under,Dalton Kincaid,4.5,-148,fanduel,0.657,0.6,,,2026-10-04,,,,,false
2026,5,RECV_under_combo,Under,Malik Nabers,4.5,120,betmgm,0.573,0.484,,,2026-10-04,,,,,false
2026,5,RECV_under_combo,Under,Devaughn Vele,4.5,-163,draftkings,0.681,0.625,,,2026-10-04,,,,,false
2026,5,RECV_under_combo,Under,Matthew Golden,4.5,-102,draftkings,0.758,0.534,,,2026-10-04,,,,,false
2026,5,RECV_under_combo,Under,Kenyon Sadiq,4.5,-147,draftkings,0.969,0.597,,,2026-10-04,,,,,false
2026,5,RECV_under_combo,Under,Carnell Tate,4.5,-129,draftkings,0.959,0.571,,,2026-10-04,,,,,false
2026,5,RECV_under_combo,Under,Stefon Diggs,5.5,120,espnbet,0.666,0.46,,,2026-10-04,,,,,false
2026,5,RECV_under_combo,Under,George Kittle,4.5,118,draftkings,0.499,0.465,,,2026-10-04,,,,,false
2026,5,RECV_under_combo,Under,Tetairoa McMillan,4.5,128,fanduel,0.616,0.439,,,2026-10-04,,,,,false
2026,5,RECV_under_combo,Under,Tetairoa McMillan,5.5,-150,betmgm,0.775,0.608,,,2026-10-04,,,,,false
2026,5,RECV_under_combo,Under,T.J. Hockenson,4.5,-130,fanduel,0.776,0.571,,,2026-10-04,,,,,false
2026,5,RECV_under_combo,Under,Jordan Addison,4.5,-115,betmgm,0.861,0.568,,,2026-10-04,,,,,false
2026,5,RECV_under_combo,Under,Malik Washington,4.5,-130,espnbet,0.77,0.569,,,2026-10-04,,,,,false
2026,5,ATD_longshot,Yes,Kameron Johnson,0.5,2500,draftkings,0.109,0.05,0,-1.0,2026-10-05,WR/TE,TB,0.04,false,true
2026,5,ATD_longshot,Yes,Travis Hunter,0.5,1900,fanduel,0.283,0.05202702702702703,,,2026-10-06,WR/TE,JAX,0.06,false,true
2026,5,ATD_longshot,Yes,Quintin Morris,0.5,1900,fanduel,0.158,0.05263157894736842,,,2026-10-06,WR/TE,JAX,0.24,false,true
2026,5,ATD_longshot,Yes,Hunter Long,0.5,1600,fanatics,0.245,0.06274509803921569,,,2026-10-07,WR/TE,ARI,0.32,false,true
2026,5,ATD_longshot,Yes,Kevin Austin Jr.,0.5,1600,draftkings,0.206,0.06066176470588235,,,2026-10-07,WR/TE,NO,0.1,false,true
2026,5,ATD_longshot,Yes,Isaiah Bond,0.5,2200,draftkings,0.186,0.047619047619047616,,,2026-10-07,WR/TE,CLE,0.1,false,true
2026,5,ATD_longshot,Yes,Chris Moore,0.5,1500,draftkings,0.202,0.06904761904761905,,,2026-10-07,WR/TE,BAL,0.48,false,true
2026,5,ATD_longshot,Yes,Tanner Hudson,0.5,1900,fanatics,0.18,0.05,,,2026-10-07,WR/TE,CIN,0.24,false,true
2026,5,ATD_longshot,Yes,Chris Manhertz,0.5,2800,fanatics,0.108,0.034482758620689655,,,2026-10-07,WR/TE,NYG,0.41,false,true
2026,5,ATD_longshot,Yes,Robert Tonyan,0.5,3000,draftkings,0.096,0.03571428571428571,,,2026-10-07,WR/TE,PIT,0.03,false,true
2026,5,ATD_longshot,Yes,Deion Burks,0.5,1700,draftkings,0.082,0.0625,,,2026-10-07,WR/TE,IND,0.11,false,true
2026,5,ATD_longshot,Yes,Barion Brown,0.5,1600,draftkings,0.062,0.0625,,,2026-10-07,WR/TE,NO,0.05,false,true
2026,5,RECV_under_combo,Under,Tucker Kraft,4.5,-111,draftkings,0.653,0.533,,,2026-10-07,,,,,false
2026,5,RECV_under_combo,Under,KC Concepcion,4.5,-143,draftkings,0.935,0.615,,,2026-10-07,,,,,false
2026,5,ATD_longshot,Yes,Chimere Dike,0.5,2000,ballybet,0.194,0.05718954248366013,,,2026-10-08,WR/TE,TEN,0.08,false,true
2026,5,ATD_longshot,Yes,Jared Wayne,0.5,1500,draftkings,0.189,0.06904761904761905,,,2026-10-08,WR/TE,HOU,0.43,false,true
2026,5,ATD_longshot,Yes,Jalen Tolbert,0.5,2200,fanduel,0.16,0.04880952380952381,,,2026-10-08,WR/TE,MIA,0.15,false,true
2026,5,ATD_longshot,Yes,Ben Skowronek,0.5,1500,ballybet,0.166,0.06904761904761905,,,2026-10-08,WR/TE,PIT,0.12,false,true
2026,5,ATD_longshot,Yes,Calvin Ridley,0.5,1600,fanduel,0.143,0.06904761904761905,,,2026-10-08,WR/TE,TEN,0.52,false,true
2026,5,ATD_longshot,Yes,J. Michael Sturdivant,0.5,2800,draftkings,0.042,0.04673913043478261,,,2026-10-08,WR/TE,GB,0.17,false,true
2026,5,ATD_longshot,Yes,Jordan Watkins,0.5,1600,draftkings,0.058,0.06458333333333333,,,2026-10-08,WR/TE,SF,0.33,false,true
2026,5,RECV_under_combo,Under,Hunter Henry,4.5,-220,fanatics,0.769,0.688,,,2026-10-08,,,,,false
2026,5,RECV_under_combo,Under,Michael Wilson,6.5,-150,betmgm,0.699,0.6,,,2026-10-08,,,,,false
2026,5,RECV_under_combo,Under,Michael Wilson,5.5,116,draftkings,0.543,0.467,,,2026-10-08,,,,,false
2026,5,ATD_longshot,Yes,Lil'Jordan Humphrey,0.5,1400,fanatics,0.218,0.06666666666666667,,,2026-10-08,WR/TE,DEN,0.05,false,true
2026,5,ATD_longshot,Yes,LaJohntay Wester,0.5,1900,draftkings,0.033,0.0625,,,2026-10-08,WR/TE,BAL,0.26,false,true
2026,5,RECV_under_combo,Under,DK Metcalf,4.5,-140,espnbet,0.635,0.587,,,2026-10-08,,,,,false
2026,5,RECV_under_combo,Under,Romeo Doubs,4.5,-175,betmgm,0.777,0.636,,,2026-10-09,,,,,false
2026,6,ATD_longshot,Yes,Travis Hunter,0.5,2000,draftkings,0.282,0.05405405405405406,,,2026-10-09,WR/TE,JAX,0.06,false,true
2026,6,ATD_longshot,Yes,Hunter Long,0.5,1500,fanatics,0.245,0.0625,,,2026-10-09,WR/TE,ARI,0.32,false,true
2026,6,ATD_longshot,Yes,Kevin Austin Jr.,0.5,2200,fanduel,0.203,0.04880952380952381,,,2026-10-09,WR/TE,NO,0.1,false,true
2026,6,ATD_longshot,Yes,Chris Moore,0.5,1900,fanduel,0.202,0.058823529411764705,,,2026-10-09,WR/TE,BAL,0.48,false,true
2026,6,ATD_longshot,Yes,Isaiah Bond,0.5,2700,fanduel,0.184,0.043478260869565216,,,2026-10-09,WR/TE,CLE,0.1,false,true
2026,6,ATD_longshot,Yes,Chimere Dike,0.5,1900,ballybet,0.192,0.058823529411764705,,,2026-10-09,WR/TE,TEN,0.08,false,true
2026,6,ATD_longshot,Yes,Jalen Tolbert,0.5,2500,betmgm,0.16,0.05718954248366013,,,2026-10-09,WR/TE,MIA,0.15,false,true
2026,6,ATD_longshot,Yes,Quintin Morris,0.5,1800,draftkings,0.157,0.058823529411764705,,,2026-10-09,WR/TE,JAX,0.24,false,true
2026,6,ATD_longshot,Yes,Eric Saubert,0.5,2000,ballybet,0.154,0.06274509803921569,,,2026-10-09,WR/TE,SEA,0.25,false,true
2026,6,ATD_longshot,Yes,Mo Alie-Cox,0.5,1600,draftkings,0.144,0.06066176470588235,,,2026-10-09,WR/TE,IND,0.37,false,true
2026,6,ATD_longshot,Yes,Ryan Miller,0.5,2000,draftkings,0.142,0.06066176470588235,,,2026-10-09,WR/TE,MIA,0.11,false,true
2026,6,ATD_longshot,Yes,Ian Thomas,0.5,2200,draftkings,0.126,0.04904306220095694,,,2026-10-09,WR/TE,LV,0.36,false,true
2026,6,ATD_longshot,Yes,Chris Manhertz,0.5,3000,fanduel,0.105,0.03647214854111406,,,2026-10-09,WR/TE,NYG,0.41,false,true
2026,6,ATD_longshot,Yes,Tutu Atwell,0.5,1700,ballybet,0.131,0.06666666666666667,,,2026-10-09,WR/TE,LA,0.21,false,true
2026,6,ATD_longshot,Yes,Robert Tonyan,0.5,3000,draftkings,0.096,0.03571428571428571,,,2026-10-09,WR/TE,PIT,0.03,false,true
2026,6,ATD_longshot,Yes,Chris Blair,0.5,2500,ballybet,0.104,0.047619047619047616,,,2026-10-09,WR/TE,ATL,0.27,false,true
2026,6,ATD_longshot,Yes,Bo Melton,0.5,1600,draftkings,0.119,0.06666666666666667,,,2026-10-09,WR/TE,GB,0.19,false,true
2026,6,ATD_longshot,Yes,Cade Stover,0.5,1700,fanduel,0.116,0.06696428571428571,,,2026-10-09,WR/TE,HOU,0.27,false,true
2026,6,ATD_longshot,Yes,Charlie Woerner,0.5,2200,ballybet,0.099,0.06066176470588235,,,2026-10-09,WR/TE,ATL,0.57,false,true
2026,6,ATD_longshot,Yes,Jalen Brooks,0.5,3300,ballybet,0.068,0.04096989966555184,,,2026-10-09,WR/TE,ARI,0.05,false,true
2026,6,ATD_longshot,Yes,Ben Sinnott,0.5,1900,ballybet,0.082,0.0625,,,2026-10-09,WR/TE,WAS,0.45,false,true
2026,6,ATD_longshot,Yes,Deion Burks,0.5,1550,betmgm,0.082,0.06458333333333333,,,2026-10-09,WR/TE,IND,0.11,false,true
2026,6,ATD_longshot,Yes,Sam Roush,0.5,1600,draftkings,0.085,0.06904761904761905,,,2026-10-09,WR/TE,CHI,0.23,false,true
2026,6,ATD_longshot,Yes,Colson Yankoff,0.5,3500,ballybet,0.046,0.038461538461538464,,,2026-10-09,WR/TE,WAS,0.23,false,true
2026,6,ATD_longshot,Yes,Dareke Young,0.5,2000,fanduel,0.059,0.05572755417956656,,,2026-10-09,WR/TE,LV,0.16,false,true
2026,6,ATD_longshot,Yes,J. Michael Sturdivant,0.5,2500,draftkings,0.042,0.043478260869565216,,,2026-10-09,WR/TE,GB,0.17,false,true
2026,6,ATD_longshot,Yes,LaJohntay Wester,0.5,2000,draftkings,0.033,0.05263157894736842,,,2026-10-09,WR/TE,BAL,0.26,false,true
2026,6,RECV_under_combo,Under,Dalton Kincaid,4.5,-160,espnbet,0.725,0.623,,,2026-10-09,,,,,false
2026,6,RECV_under_combo,Under,Tucker Kraft,4.5,-122,fanduel,0.653,0.558,,,2026-10-09,,,,,false
2026,6,RECV_under_combo,Under,Parker Washington,4.5,101,draftkings,0.665,0.5,,,2026-10-09,,,,,false
2026,6,RECV_under_combo,Under,Matthew Golden,4.5,-112,draftkings,0.765,0.534,,,2026-10-09,,,,,false
2026,6,RECV_under_combo,Under,Malik Washington,4.5,104,fanduel,0.73,0.526,,,2026-10-09,,,,,false
2026,6,RECV_under_combo,Under,Carnell Tate,4.5,-140,fanduel,0.855,0.592,,,2026-10-09,,,,,false
2026,6,RECV_under_combo,Under,DK Metcalf,4.5,-135,draftkings,0.635,0.579,,,2026-10-09,,,,,false
2026,6,RECV_under_combo,Under,Michael Wilson,6.5,-135,espnbet,0.699,0.607,,,2026-10-09,,,,,false
2026,6,RECV_under_combo,Under,Malik Nabers,5.5,-153,draftkings,0.703,0.608,,,2026-10-09,,,,,false
2026,6,RECV_under_combo,Under,Romeo Doubs,4.5,-175,betmgm,0.777,0.636,,,2026-10-09,,,,,false
2026,6,RECV_under_combo,Under,KC Concepcion,4.5,-135,betmgm,0.935,0.578,,,2026-10-09,,,,,false
2026,6,RECV_under_combo,Under,Garrett Wilson,5.5,114,draftkings,0.517,0.472,,,2026-10-09,,,,,false
2026,6,RECV_under_combo,Under,Garrett Wilson,6.5,-155,betmgm,0.675,0.615,,,2026-10-09,,,,,false
2026,6,RECV_under_combo,Under,Jaylen Waddle,4.5,-102,fanduel,0.629,0.523,,,2026-10-09,,,,,false
2026,6,RECV_under_combo,Under,Isaiah Likely,4.5,-115,espnbet,0.653,0.537,,,2026-10-09,,,,,false
2026,6,RECV_under_combo,Under,Drake London,6.5,-155,betmgm,0.712,0.608,,,2026-10-09,,,,,false
2026,6,RECV_under_combo,Under,Drake London,5.5,110,espnbet,0.558,0.481,,,2026-10-09,,,,,false
2026,6,RECV_under_combo,Under,Luther Burden III,4.5,-115,betmgm,0.64,0.555,,,2026-10-09,,,,,false
2026,6,RECV_under_combo,Under,Colston Loveland,4.5,-159,draftkings,0.783,0.622,,,2026-10-09,,,,,false
2026,6,RECV_under_combo,Under,Josh Downs,5.5,-165,betmgm,0.795,0.623,,,2026-10-09,,,,,false
2026,6,RECV_under_combo,Under,Josh Downs,4.5,122,draftkings,0.641,0.455,,,2026-10-09,,,,,false
2026,6,RECV_under_combo,Under,Hunter Henry,4.5,-275,fanatics,0.769,0.733,,,2026-10-09,,,,,false
2026,6,ATD_longshot,Yes,Jared Wayne,0.5,1800,draftkings,0.187,0.06458333333333333,,,2026-10-10,WR/TE,HOU,0.43,false,true
2026,6,ATD_longshot,Yes,Ben Skowronek,0.5,1450,betmgm,0.165,0.06904761904761905,,,2026-10-10,WR/TE,PIT,0.12,false,true
2026,6,ATD_longshot,Yes,Tai Felton,0.5,1650,betmgm,0.054,0.06458333333333333,,,2026-10-10,WR/TE,MIN,0.3,false,true
2026,6,ATD_longshot,Yes,Myles Price,0.5,2000,betmgm,0.051,0.0625,,,2026-10-10,WR/TE,MIN,0.19,false,true
2026,6,ATD_longshot,Yes,Johnny Mundt,0.5,1500,draftkings,0.056,0.06904761904761905,,,2026-10-10,WR/TE,PHI,0.58,false,true
2026,6,RECV_under_combo,Under,Justin Jefferson,5.5,134,fanduel,0.672,0.427,,,2026-10-10,,,,,false
2026,6,RECV_under_combo,Under,Justin Jefferson,6.5,-133,draftkings,0.807,0.574,,,2026-10-10,,,,,false
2026,6,RECV_under_combo,Under,Brock Bowers,6.5,110,espnbet,0.571,0.498,,,2026-10-10,,,,,false
2026,6,RECV_under_combo,Under,Mark Andrews,4.5,-155,espnbet,0.695,0.612,,,2026-10-10,,,,,false
2026,6,RECV_under_combo,Under,Dallas Goedert,4.5,-125,betmgm,0.725,0.573,,,2026-10-10,,,,,false
2026,6,RECV_under_combo,Under,Khalil Shakir,4.5,-120,espnbet,0.604,0.558,,,2026-10-10,,,,,false
2026,6,ATD_longshot,Yes,Barion Brown,0.5,1700,ballybet,0.061,0.06904761904761905,,,2026-10-10,WR/TE,NO,0.05,false,true
2026,6,RECV_under_combo,Under,Trey McBride,8.5,-139,draftkings,0.616,0.582,,,2026-10-10,,,,,false
