mlbID,BF,k_rate,bb_rate,hr_rate,is_starter
425794,1287,0.15384615384615385,0.07381507381507381,0.027972027972027972,True
425844,1178,0.14431239388794567,0.042444821731748725,0.03310696095076401,True
434378,2559,0.22626025791324736,0.06525986713559985,0.02618210238374365,True
434671,292,0.1643835616438356,0.11301369863013698,0.04452054794520548,True
445276,907,0.2844542447629548,0.08599779492833518,0.02866593164277839,False
445926,720,0.2388888888888889,0.07222222222222222,0.027777777777777776,False
446321,122,0.22950819672131148,0.08196721311475409,0.040983606557377046,False
446372,952,0.19117647058823528,0.04411764705882353,0.03991596638655462,True
448179,1201,0.20233139050791007,0.08159866777685262,0.0324729392173189,True
450203,2810,0.2516014234875445,0.10106761565836299,0.031672597864768684,True
453178,307,0.21172638436482086,0.09446254071661238,0.048859934853420196,False
453268,477,0.2431865828092243,0.15513626834381553,0.016771488469601678,False
453286,1842,0.2665580890336591,0.061346362649294245,0.04125950054288816,True
453343,247,0.1417004048582996,0.08502024291497975,0.020242914979757085,False
455119,787,0.2719186785260483,0.030495552731893267,0.0241423125794155,False
456034,167,0.2215568862275449,0.05389221556886228,0.03592814371257485,False
456501,919,0.15995647442872687,0.055495103373231776,0.03917301414581066,True
456713,292,0.2876712328767123,0.0821917808219178,0.0547945205479452,False
458677,434,0.26497695852534564,0.07603686635944701,0.029953917050691243,False
458681,1845,0.23035230352303523,0.07046070460704607,0.044986449864498644,True
459429,163,0.15337423312883436,0.0736196319018405,0.03680981595092025,False
468504,219,0.1689497716894977,0.0958904109589041,0.0319634703196347,False
471911,1721,0.19814061592097618,0.07495642068564788,0.037187681580476466,True
472610,750,0.204,0.08666666666666667,0.021333333333333333,False
475479,272,0.23529411764705882,0.11397058823529412,0.007352941176470588,False
476595,316,0.23417721518987342,0.0759493670886076,0.0189873417721519,False
477132,1656,0.23429951690821257,0.06702898550724638,0.025966183574879228,True
488984,200,0.21,0.055,0.05,False
489119,734,0.15803814713896458,0.08446866485013624,0.031335149863760216,True
489265,79,0.17721518987341772,0.0759493670886076,0.08860759493670886,False
489334,177,0.1977401129943503,0.05649717514124294,0.05084745762711865,False
489446,707,0.31824611032531824,0.12446958981612447,0.03253182461103253,False
493603,771,0.27626459143968873,0.09208819714656291,0.02464332036316472,False
500779,2378,0.18502943650126155,0.0815811606391926,0.023128679562657694,True
501381,200,0.13,0.04,0.065,True
501625,76,0.19736842105263158,0.11842105263157894,0.039473684210526314,False
501925,122,0.13934426229508196,0.07377049180327869,0.05737704918032787,False
501985,455,0.16703296703296702,0.08791208791208792,0.05274725274725275,True
502042,437,0.19221967963386727,0.10983981693363844,0.02745995423340961,True
502043,2340,0.1987179487179487,0.07692307692307693,0.03333333333333333,True
502085,951,0.31019978969505785,0.10515247108307045,0.025236593059936908,False
502171,1368,0.21710526315789475,0.06359649122807018,0.021929824561403508,True
502179,559,0.17531305903398928,0.057245080500894455,0.05008944543828265,False
502202,352,0.24147727272727273,0.10795454545454546,0.02556818181818182,False
502624,730,0.17671232876712328,0.09452054794520548,0.043835616438356165,False
503285,94,0.2765957446808511,0.10638297872340426,0.031914893617021274,False
503449,168,0.19047619047619047,0.14285714285714285,0.011904761904761904,False
506433,2128,0.24201127819548873,0.06109022556390977,0.03524436090225564,True
517008,230,0.14782608695652175,0.10869565217391304,0.02608695652173913,False
518397,512,0.15625,0.0703125,0.021484375,False
518489,759,0.230566534914361,0.05928853754940711,0.028985507246376812,False
518516,788,0.1548223350253807,0.08121827411167512,0.03680203045685279,True
518553,287,0.2578397212543554,0.09407665505226481,0.03832752613240418,False
518585,847,0.358913813459268,0.11570247933884298,0.024793388429752067,False
518617,662,0.2794561933534743,0.15861027190332327,0.028700906344410877,False
518748,71,0.15492957746478872,0.09859154929577464,0.014084507042253521,False
518876,2665,0.23339587242026266,0.07692307692307693,0.029643527204502813,True
518886,799,0.3053817271589487,0.11514392991239049,0.02753441802252816,False
519008,465,0.13763440860215054,0.06881720430107527,0.023655913978494623,False
519043,732,0.25136612021857924,0.10792349726775956,0.028688524590163935,False
519141,222,0.28378378378378377,0.06756756756756757,0.02702702702702703,False
519151,944,0.2648305084745763,0.07415254237288135,0.023305084745762712,False
519242,1662,0.3128760529482551,0.060770156438026475,0.0210589651022864,True
519293,689,0.2220609579100145,0.08708272859216255,0.03193033381712627,False
519326,669,0.19581464872944693,0.10014947683109118,0.029895366218236172,False
521230,314,0.3184713375796178,0.07643312101910828,0.03184713375796178,False
523260,489,0.30879345603271985,0.11860940695296524,0.018404907975460124,False
527048,2271,0.18273888154997797,0.0845442536327609,0.026420079260237782,True
527054,304,0.17434210526315788,0.049342105263157895,0.046052631578947366,True
528748,242,0.16115702479338842,0.06611570247933884,0.028925619834710745,True
541640,706,0.16855524079320114,0.05240793201133145,0.03824362606232295,False
542585,446,0.24663677130044842,0.11659192825112108,0.03139013452914798,False
542881,2719,0.18720117690327326,0.08458992276572269,0.0316292754689224,True
542888,1064,0.24812030075187969,0.06860902255639098,0.018796992481203006,False
542914,366,0.25136612021857924,0.07923497267759563,0.02459016393442623,False
542947,354,0.13559322033898305,0.0423728813559322,0.022598870056497175,False
543037,2205,0.28253968253968254,0.06394557823129252,0.030839002267573697,True
543056,553,0.2603978300180832,0.081374321880651,0.018083182640144666,False
543101,682,0.1935483870967742,0.05278592375366569,0.04398826979472141,True
543135,2382,0.23971452560873216,0.05877413937867338,0.030226700251889168,True
543238,114,0.2807017543859649,0.13157894736842105,0.05263157894736842,False
543243,2709,0.2643041712809155,0.06312292358803986,0.024732373569582872,True
543272,464,0.22198275862068967,0.10129310344827586,0.021551724137931036,False
543294,2196,0.16393442622950818,0.06238615664845173,0.033697632058287796,True
543339,392,0.2653061224489796,0.07397959183673469,0.030612244897959183,False
543351,235,0.2425531914893617,0.07659574468085106,0.04680851063829787,False
543475,1541,0.17326411421155094,0.06424399740428294,0.04218040233614536,True
543507,323,0.22910216718266255,0.12074303405572756,0.02476780185758514,False
543518,526,0.2414448669201521,0.11026615969581749,0.045627376425855515,False
543521,554,0.22743682310469315,0.06678700361010831,0.019855595667870037,False
543548,109,0.07339449541284404,0.11009174311926606,0.045871559633027525,False
543606,466,0.1888412017167382,0.0815450643776824,0.030042918454935622,True
543766,475,0.20210526315789473,0.09894736842105263,0.02736842105263158,False
543859,772,0.23316062176165803,0.07901554404145078,0.02849740932642487,False
543901,97,0.10309278350515463,0.020618556701030927,0.030927835051546393,False
544150,565,0.1911504424778761,0.07610619469026549,0.03008849557522124,True
544365,175,0.24,0.12,0.011428571428571429,False
544727,268,0.1865671641791045,0.13059701492537312,0.033582089552238806,False
545343,138,0.18840579710144928,0.10869565217391304,0.028985507246376812,False
547001,210,0.1761904761904762,0.09047619047619047,0.02857142857142857,False
547179,2200,0.19272727272727272,0.08772727272727272,0.03318181818181818,True
547184,381,0.18635170603674542,0.10236220472440945,0.02099737532808399,False
547943,337,0.16023738872403562,0.05341246290801187,0.04154302670623145,True
547973,947,0.3590285110876452,0.12988384371700107,0.01795142555438226,False
548384,584,0.2705479452054795,0.08561643835616438,0.011986301369863013,False
548389,1298,0.17719568567026195,0.04468412942989214,0.030046224961479198,True
552640,645,0.24651162790697675,0.05581395348837209,0.037209302325581395,False
554340,781,0.2752880921895006,0.07170294494238157,0.028169014084507043,False
554430,3030,0.2874587458745875,0.05676567656765676,0.025412541254125412,True
554431,232,0.19827586206896552,0.13793103448275862,0.02586206896551724,False
570257,331,0.25075528700906347,0.1027190332326284,0.02416918429003021,False
570488,72,0.18055555555555555,0.09722222222222222,0.0,False
570632,1343,0.14594192107222637,0.09456440804169769,0.03350707371556218,True
570663,111,0.1891891891891892,0.12612612612612611,0.04504504504504504,False
570666,468,0.14957264957264957,0.08547008547008547,0.03632478632478633,False
571479,367,0.30517711171662126,0.10354223433242507,0.027247956403269755,False
571510,1335,0.23146067415730337,0.0749063670411985,0.02546816479400749,True
571539,153,0.1503267973856209,0.0915032679738562,0.032679738562091505,False
571578,2930,0.1781569965870307,0.0720136518771331,0.03617747440273038,True
571656,807,0.24039653035935563,0.10285006195786865,0.024783147459727387,False
571670,747,0.20615796519410978,0.06559571619812583,0.01606425702811245,False
571710,289,0.2629757785467128,0.11072664359861592,0.02768166089965398,False
571760,2241,0.22936189201249443,0.07407407407407407,0.038375725122713075,True
571800,464,0.14655172413793102,0.09051724137931035,0.032327586206896554,True
571863,187,0.16042780748663102,0.058823529411764705,0.053475935828877004,False
571882,697,0.19799139167862267,0.08321377331420372,0.02295552367288379,False
571901,491,0.1975560081466395,0.0855397148676171,0.020366598778004074,False
571927,1164,0.211340206185567,0.058419243986254296,0.029209621993127148,False
571945,3071,0.16769781830022795,0.045913383262780855,0.0348420709866493,True
571946,611,0.265139116202946,0.08183306055646482,0.027823240589198037,False
571948,1093,0.22598353156450138,0.05763952424519671,0.0192131747483989,False
572020,848,0.20518867924528303,0.09787735849056604,0.03537735849056604,True
572070,185,0.1945945945945946,0.07027027027027027,0.016216216216216217,False
572125,75,0.24,0.06666666666666667,0.05333333333333334,False
572143,241,0.1908713692946058,0.04979253112033195,0.024896265560165973,False
572193,289,0.20069204152249134,0.08304498269896193,0.03460207612456748,False
572403,374,0.20855614973262032,0.10695187165775401,0.0374331550802139,False
572703,59,0.13559322033898305,0.11864406779661017,0.0,False
572955,846,0.2919621749408983,0.09929078014184398,0.02955082742316785,False
572971,554,0.14620938628158844,0.10288808664259928,0.030685920577617327,True
573009,734,0.2125340599455041,0.05449591280653951,0.021798365122615803,False
573124,963,0.2751817237798546,0.09241952232606439,0.028037383177570093,False
573186,1994,0.18906720160481444,0.08224674022066199,0.025075225677031094,True
573204,829,0.2798552472858866,0.07840772014475271,0.030156815440289506,False
579328,2670,0.2565543071161049,0.08426966292134831,0.03707865168539326,True
592094,1037,0.29218900675024106,0.08196721311475409,0.021215043394406944,False
592155,326,0.2392638036809816,0.10736196319018405,0.03987730061349693,False
592229,191,0.15706806282722513,0.08900523560209424,0.02617801047120419,False
592254,70,0.24285714285714285,0.07142857142857142,0.02857142857142857,False
592288,82,0.14634146341463414,0.08536585365853659,0.04878048780487805,False
592332,3179,0.261402956904687,0.06417112299465241,0.025479710600817867,True
592346,118,0.15254237288135594,0.06779661016949153,0.05084745762711865,True
592351,1701,0.22457378012933568,0.0752498530276308,0.03233392122281011,True
592390,111,0.17117117117117117,0.16216216216216217,0.05405405405405406,False
592426,616,0.23214285714285715,0.11201298701298701,0.025974025974025976,False
592454,720,0.2375,0.11388888888888889,0.027777777777777776,False
592473,101,0.15841584158415842,0.0891089108910891,0.009900990099009901,False
592662,1695,0.26489675516224187,0.09144542772861357,0.03716814159292035,True
592716,428,0.1705607476635514,0.0630841121495327,0.02336448598130841,True
592717,265,0.15471698113207547,0.05660377358490566,0.03018867924528302,True
592741,311,0.2379421221864952,0.07717041800643087,0.04180064308681672,False
592761,302,0.2152317880794702,0.1291390728476821,0.046357615894039736,False
592767,1330,0.21654135338345865,0.08045112781954887,0.039097744360902256,False
592773,992,0.2550403225806452,0.11391129032258064,0.02721774193548387,False
592779,346,0.3092485549132948,0.0953757225433526,0.02023121387283237,False
592789,987,0.16109422492401215,0.05167173252279635,0.03850050658561297,True
592791,2632,0.1979483282674772,0.05205167173252279,0.03723404255319149,True
592804,87,0.16091954022988506,0.12643678160919541,0.011494252873563218,False
592826,481,0.2203742203742204,0.08108108108108109,0.031185031185031187,False
592836,2306,0.17996530789245446,0.08499566348655681,0.03469210754553339,True
592848,114,0.2894736842105263,0.11403508771929824,0.05263157894736842,False
592858,294,0.23469387755102042,0.09863945578231292,0.030612244897959183,False
592866,1664,0.19170673076923078,0.06911057692307693,0.036057692307692304,True
593334,847,0.2255017709563164,0.08028335301062574,0.04132231404958678,True
593423,1470,0.22244897959183674,0.08503401360544217,0.03469387755102041,True
593576,980,0.2795918367346939,0.1,0.02857142857142857,False
593619,165,0.15757575757575756,0.15757575757575756,0.01818181818181818,False
593643,59,0.03389830508474576,0.06779661016949153,0.05084745762711865,False
593958,1930,0.20984455958549222,0.08341968911917098,0.031088082901554404,True
593974,970,0.20103092783505155,0.09381443298969072,0.021649484536082474,False
594311,120,0.225,0.09166666666666666,0.03333333333333333,False
594577,342,0.18128654970760233,0.08187134502923976,0.05555555555555555,False
594580,688,0.25290697674418605,0.11046511627906977,0.020348837209302327,False
594798,1092,0.3241758241758242,0.047619047619047616,0.03571428571428571,True
594835,1149,0.1392515230635335,0.06875543951261967,0.034812880765883375,True
594902,1199,0.1901584653878232,0.0750625521267723,0.0408673894912427,True
594943,124,0.20161290322580644,0.11290322580645161,0.06451612903225806,False
595014,419,0.2911694510739857,0.09307875894988067,0.026252983293556086,False
595345,909,0.2794279427942794,0.09350935093509351,0.030803080308030802,False
595881,353,0.16147308781869688,0.10764872521246459,0.025495750708215296,False
595897,60,0.26666666666666666,0.2,0.016666666666666666,False
595928,234,0.1752136752136752,0.05555555555555555,0.042735042735042736,False
596001,1378,0.21770682148040638,0.05297532656023222,0.027576197387518143,False
596057,313,0.24600638977635783,0.13099041533546327,0.04472843450479233,False
596071,165,0.15757575757575756,0.10303030303030303,0.030303030303030304,False
596082,84,0.16666666666666666,0.10714285714285714,0.03571428571428571,False
596112,448,0.29464285714285715,0.06696428571428571,0.04017857142857143,False
596133,1393,0.24264178033022255,0.07394113424264179,0.03732950466618808,False
596271,281,0.13523131672597866,0.05338078291814947,0.0498220640569395,False
596295,2100,0.1580952380952381,0.06285714285714286,0.04380952380952381,True
598264,335,0.191044776119403,0.1044776119402985,0.014925373134328358,False
598286,235,0.14042553191489363,0.06808510638297872,0.00425531914893617,False
598287,215,0.2372093023255814,0.12093023255813953,0.04186046511627907,False
600917,774,0.28940568475452194,0.1124031007751938,0.025839793281653745,False
600921,468,0.19017094017094016,0.08333333333333333,0.0405982905982906,False
600986,187,0.2192513368983957,0.1443850267379679,0.0427807486631016,False
601713,2671,0.26918757019842754,0.07824784724822163,0.037813552976413325,True
605121,242,0.23553719008264462,0.1322314049586777,0.02066115702479339,False
605130,1138,0.2662565905096661,0.11599297012302284,0.023725834797891036,False
605135,3113,0.22454224221008673,0.0754898811435914,0.027947317699967878,True
605151,117,0.18803418803418803,0.08547008547008547,0.02564102564102564,False
605154,806,0.24069478908188585,0.07816377171215881,0.033498759305210915,False
605155,129,0.20155038759689922,0.09302325581395349,0.031007751937984496,False
605156,162,0.11728395061728394,0.06172839506172839,0.043209876543209874,False
605164,595,0.15798319327731092,0.047058823529411764,0.040336134453781515,True
605177,856,0.2757009345794392,0.1133177570093458,0.02102803738317757,False
605182,1132,0.19346289752650175,0.07685512367491167,0.037102473498233215,True
605194,181,0.2154696132596685,0.11049723756906077,0.03867403314917127,False
605195,66,0.2878787878787879,0.16666666666666666,0.0,False
605200,947,0.18373812038014783,0.09609292502639916,0.03273495248152059,True
605218,401,0.19950124688279303,0.10972568578553615,0.022443890274314215,False
605242,513,0.24561403508771928,0.10916179337231968,0.021442495126705652,False
605280,1572,0.22391857506361323,0.08778625954198473,0.014631043256997456,False
605288,1763,0.1712989222915485,0.08564946114577425,0.02212138400453772,True
605347,887,0.21195039458850057,0.08906426155580609,0.02593010146561443,False
605397,1635,0.2470948012232416,0.056269113149847096,0.02874617737003058,True
605400,3055,0.2592471358428805,0.05335515548281506,0.03502454991816694,True
605446,64,0.078125,0.140625,0.078125,False
605447,771,0.2723735408560311,0.08690012970168612,0.0311284046692607,False
605452,554,0.18953068592057762,0.08664259927797834,0.02707581227436823,False
605463,563,0.22202486678507993,0.12255772646536411,0.03019538188277087,False
605483,2142,0.31746031746031744,0.11297852474323063,0.018207282913165267,True
605488,1459,0.2350925291295408,0.06854009595613433,0.03289924605894448,True
605498,130,0.13076923076923078,0.11538461538461539,0.05384615384615385,False
605507,543,0.16574585635359115,0.0847145488029466,0.034990791896869246,True
605513,367,0.22343324250681199,0.09536784741144415,0.02997275204359673,True
605521,165,0.24242424242424243,0.13333333333333333,0.03636363636363636,False
605525,122,0.1721311475409836,0.11475409836065574,0.03278688524590164,False
605538,176,0.19886363636363635,0.07954545454545454,0.03409090909090909,False
605540,1130,0.3070796460176991,0.06283185840707965,0.03185840707964602,True
606131,96,0.125,0.03125,0.041666666666666664,False
606149,566,0.27208480565371024,0.07243816254416961,0.04063604240282685,False
606160,1048,0.23950381679389313,0.11259541984732824,0.026717557251908396,False
606303,897,0.22742474916387959,0.0713489409141583,0.028985507246376812,False
606424,270,0.2074074074074074,0.06666666666666667,0.037037037037037035,False
606625,172,0.23255813953488372,0.12209302325581395,0.03488372093023256,False
606930,435,0.1724137931034483,0.0735632183908046,0.03218390804597701,False
606965,434,0.2119815668202765,0.07142857142857142,0.04377880184331797,False
606996,179,0.20670391061452514,0.07262569832402235,0.05027932960893855,False
607067,1926,0.19470404984423675,0.06645898234683281,0.03790238836967809,True
607074,2637,0.2775881683731513,0.08191126279863481,0.03299203640500569,True
607179,594,0.22895622895622897,0.10774410774410774,0.03872053872053872,False
607192,1532,0.31592689295039167,0.08681462140992167,0.02610966057441253,True
607200,1922,0.17221644120707597,0.09209157127991675,0.031217481789802288,True
607216,263,0.19011406844106463,0.07604562737642585,0.03802281368821293,False
607229,64,0.140625,0.046875,0.03125,False
607237,332,0.26506024096385544,0.1716867469879518,0.015060240963855422,False
607259,2206,0.20126926563916592,0.06482320942883046,0.028558476881233003,False
607359,84,0.14285714285714285,0.10714285714285714,0.047619047619047616,False
607455,711,0.22644163150492264,0.10970464135021098,0.02812939521800281,False
607457,83,0.1566265060240964,0.12048192771084337,0.03614457831325301,False
607481,870,0.2632183908045977,0.09425287356321839,0.01264367816091954,False
607536,2642,0.1642694928084784,0.06018168054504164,0.0348221044663134,True
607625,2374,0.22156697556866048,0.06866048862679022,0.030328559393428812,True
607644,202,0.16336633663366337,0.039603960396039604,0.0297029702970297,True
607755,258,0.2054263565891473,0.10465116279069768,0.01937984496124031,False
607968,95,0.06315789473684211,0.14736842105263157,0.05263157894736842,True
608032,1009,0.23785926660059464,0.08820614469772052,0.024777006937561942,False
608328,353,0.18696883852691218,0.10198300283286119,0.0453257790368272,False
608331,2659,0.2327942835652501,0.06318164723580294,0.018427980443775856,True
608334,541,0.2088724584103512,0.10166358595194085,0.031423290203327174,False
608337,2105,0.23847980997624704,0.09026128266033254,0.03895486935866983,True
608344,1569,0.17463352453792225,0.05481198215423837,0.03441682600382409,True
608349,194,0.211340206185567,0.14432989690721648,0.020618556701030927,False
608371,576,0.24131944444444445,0.1545138888888889,0.026041666666666668,False
608372,675,0.15703703703703703,0.05333333333333334,0.04888888888888889,True
608379,2507,0.20103709613083368,0.06701236537694455,0.02632628639808536,True
608566,1470,0.17210884353741496,0.08027210884353742,0.03945578231292517,True
608638,410,0.2,0.09024390243902439,0.02926829268292683,False
608648,234,0.2222222222222222,0.09829059829059829,0.038461538461538464,False
608650,200,0.245,0.075,0.03,False
608652,70,0.2,0.1,0.04285714285714286,False
608665,649,0.2172573189522342,0.1140215716486903,0.02465331278890601,False
608678,546,0.22527472527472528,0.12087912087912088,0.04395604395604396,False
608716,68,0.14705882352941177,0.07352941176470588,0.029411764705882353,False
608717,996,0.21084337349397592,0.09538152610441768,0.02208835341365462,False
608718,1133,0.1879964695498676,0.06796116504854369,0.02912621359223301,False
608723,850,0.21764705882352942,0.07529411764705882,0.03411764705882353,False
612434,499,0.21042084168336672,0.09619238476953908,0.028056112224448898,False
613534,281,0.27402135231316727,0.12099644128113879,0.017793594306049824,False
614179,775,0.22451612903225807,0.1032258064516129,0.04,False
615698,2422,0.1606110652353427,0.07844756399669695,0.03303055326176713,True
617228,221,0.18099547511312217,0.12217194570135746,0.01809954751131222,False
620454,160,0.19375,0.10625,0.025,False
620982,59,0.13559322033898305,0.0847457627118644,0.03389830508474576,False
621016,555,0.21981981981981982,0.12432432432432433,0.025225225225225224,False
621051,855,0.2327485380116959,0.11461988304093568,0.03508771929824561,False
621053,453,0.2560706401766004,0.1280353200883002,0.017660044150110375,False
621057,91,0.18681318681318682,0.13186813186813187,0.03296703296703297,False
621074,405,0.2222222222222222,0.0962962962962963,0.0345679012345679,False
621076,857,0.1808634772462077,0.10501750291715285,0.029171528588098017,True
621082,74,0.17567567567567569,0.0945945945945946,0.05405405405405406,False
621097,51,0.21568627450980393,0.19607843137254902,0.0196078431372549,False
621107,2096,0.21612595419847327,0.03864503816793893,0.033396946564885496,True
621111,1246,0.18218298555377208,0.08908507223113965,0.0377207062600321,True
621112,1432,0.19972067039106145,0.07402234636871509,0.031424581005586594,True
621114,174,0.29310344827586204,0.08620689655172414,0.040229885057471264,False
621121,536,0.24067164179104478,0.12126865671641791,0.03544776119402985,True
621139,113,0.21238938053097345,0.168141592920354,0.02654867256637168,False
621199,266,0.16917293233082706,0.07894736842105263,0.03759398496240601,False
621219,94,0.11702127659574468,0.0425531914893617,0.0851063829787234,False
621237,847,0.30814639905548996,0.10271546635182999,0.021251475796930343,False
621242,756,0.4166666666666667,0.08862433862433862,0.018518518518518517,False
621244,3031,0.20752226987792807,0.06862421643022105,0.03662157703728142,True
621248,153,0.1111111111111111,0.10457516339869281,0.026143790849673203,False
621249,359,0.1977715877437326,0.10027855153203342,0.011142061281337047,False
621294,148,0.20945945945945946,0.11486486486486487,0.02027027027027027,False
621295,262,0.13358778625954199,0.08015267175572519,0.011450381679389313,False
621345,687,0.314410480349345,0.07132459970887918,0.024745269286754003,False
621363,702,0.24358974358974358,0.10398860398860399,0.03276353276353276,False
621366,459,0.21568627450980393,0.07625272331154684,0.034858387799564274,False
621368,525,0.21333333333333335,0.09714285714285714,0.02857142857142857,False
621381,1076,0.29460966542750927,0.06598513011152417,0.02509293680297398,False
621383,1059,0.22757318224740322,0.06704438149197356,0.028328611898016998,False
621389,875,0.13142857142857142,0.060571428571428575,0.04114285714285714,False
621593,65,0.18461538461538463,0.15384615384615385,0.07692307692307693,False
622065,420,0.20476190476190476,0.09047619047619047,0.02857142857142857,False
622072,1170,0.20341880341880342,0.07777777777777778,0.02735042735042735,True
622075,419,0.2577565632458234,0.10023866348448687,0.021479713603818614,False
622098,515,0.26601941747572816,0.1029126213592233,0.03495145631067961,False
622103,79,0.1518987341772152,0.1518987341772152,0.0379746835443038,False
622250,427,0.2997658079625293,0.08430913348946135,0.03044496487119438,False
622251,367,0.23160762942779292,0.15258855585831063,0.010899182561307902,False
622253,456,0.19078947368421054,0.06140350877192982,0.017543859649122806,False
622259,118,0.23728813559322035,0.09322033898305085,0.03389830508474576,False
622491,2971,0.24907438572871088,0.06698081454055874,0.03096600471221811,True
622503,524,0.20610687022900764,0.07251908396946564,0.02862595419847328,False
622554,1068,0.2743445692883895,0.10861423220973783,0.028089887640449437,False
622608,1115,0.12376681614349776,0.07174887892376682,0.033183856502242155,True
622663,2409,0.20797011207970112,0.07513491075134911,0.0327936903279369,True
622694,342,0.19883040935672514,0.07894736842105263,0.07017543859649122,False
622766,71,0.2676056338028169,0.09859154929577464,0.0,False
622772,132,0.25757575757575757,0.07575757575757576,0.015151515151515152,False
622780,117,0.37606837606837606,0.09401709401709402,0.02564102564102564,False
622786,326,0.2147239263803681,0.09202453987730061,0.018404907975460124,False
623149,801,0.2958801498127341,0.07740324594257178,0.03745318352059925,False
623167,1941,0.16177228232869656,0.0844925296239052,0.03760947964966512,True
623211,881,0.24404086265607264,0.1191827468785471,0.018161180476730987,False
623352,964,0.3703319502074689,0.09854771784232365,0.032157676348547715,False
623433,355,0.2112676056338028,0.07323943661971831,0.03380281690140845,False
623437,590,0.19661016949152543,0.06779661016949153,0.010169491525423728,False
623451,311,0.19935691318327975,0.0932475884244373,0.01607717041800643,False
623465,744,0.2970430107526882,0.06720430107526881,0.01881720430107527,False
623474,792,0.2335858585858586,0.06565656565656566,0.023989898989898988,False
623485,94,0.1702127659574468,0.10638297872340426,0.031914893617021274,False
624133,2652,0.22171945701357465,0.0746606334841629,0.0222473604826546,True
624522,737,0.23066485753052918,0.10854816824966079,0.028493894165535955,False
624647,232,0.17672413793103448,0.09913793103448276,0.021551724137931036,False
625643,1075,0.27348837209302324,0.08093023255813954,0.017674418604651163,False
628317,933,0.23258306538049303,0.06645230439442658,0.04180064308681672,True
628452,1017,0.28515240904621436,0.05801376597836775,0.02359882005899705,False
628708,523,0.20076481835564053,0.10325047801147227,0.030592734225621414,False
628711,1190,0.24285714285714285,0.0546218487394958,0.040336134453781515,True
630023,541,0.15526802218114602,0.07578558225508318,0.04066543438077634,True
640444,379,0.20316622691292877,0.12401055408970976,0.023746701846965697,False
640448,1086,0.2311233885819521,0.08287292817679558,0.03038674033149171,False
640451,611,0.2733224222585925,0.06710310965630115,0.02127659574468085,False
640455,2263,0.24922669023420238,0.07821475916924436,0.035793194874060984,True
640462,821,0.29598051157125455,0.0779537149817296,0.02679658952496955,False
640470,380,0.26052631578947366,0.05526315789473684,0.031578947368421054,False
641149,64,0.15625,0.078125,0.0625,False
641154,2673,0.25776281331836887,0.06172839506172839,0.02880658436213992,True
641302,1486,0.1864064602960969,0.05652759084791386,0.039030955585464336,False
641312,148,0.14189189189189189,0.02702702702702703,0.060810810810810814,False
641329,848,0.27476415094339623,0.09080188679245282,0.027122641509433963,False
641360,590,0.25254237288135595,0.09152542372881356,0.03559322033898305,False
641401,566,0.24911660777385158,0.08833922261484099,0.045936395759717315,False
641427,50,0.16,0.02,0.02,False
641447,176,0.13636363636363635,0.06818181818181818,0.03977272727272727,True
641482,1809,0.23714759535655058,0.06909894969596463,0.037037037037037035,True
641501,173,0.18497109826589594,0.06936416184971098,0.04046242774566474,False
641540,1941,0.2029881504379186,0.08706852138073158,0.03245749613601236,True
641582,223,0.2062780269058296,0.09865470852017937,0.03139013452914798,False
641585,718,0.17409470752089137,0.08495821727019498,0.033426183844011144,True
641627,447,0.2371364653243848,0.06935123042505593,0.026845637583892617,False
641656,585,0.26495726495726496,0.1094017094017094,0.017094017094017096,False
641672,307,0.16938110749185667,0.10097719869706841,0.03908794788273615,False
641703,426,0.15258215962441316,0.08685446009389672,0.03286384976525822,False
641712,1354,0.12703101920236337,0.10709010339734121,0.02141802067946824,True
641726,245,0.16326530612244897,0.04897959183673469,0.0326530612244898,True
641729,755,0.30993377483443707,0.06887417218543046,0.019867549668874173,False
641743,76,0.18421052631578946,0.13157894736842105,0.02631578947368421,False
641745,1318,0.18588770864946888,0.10698027314112292,0.025796661608497723,False
641755,769,0.24577373211963588,0.10143042912873862,0.02600780234070221,False
641771,1044,0.1867816091954023,0.10632183908045977,0.03639846743295019,False
641778,1336,0.23203592814371257,0.08607784431137724,0.04341317365269461,True
641793,2008,0.1942231075697211,0.043824701195219126,0.03934262948207171,True
641816,1007,0.22840119165839126,0.0804369414101291,0.026812313803376366,True
641835,696,0.20545977011494254,0.07040229885057471,0.02442528735632184,False
641871,281,0.28113879003558717,0.09252669039145907,0.046263345195729534,False
641927,2160,0.23703703703703705,0.05324074074074074,0.04027777777777778,True
641941,982,0.280040733197556,0.0824847250509165,0.03360488798370672,False
642016,85,0.24705882352941178,0.1411764705882353,0.03529411764705882,False
642028,163,0.09202453987730061,0.08588957055214724,0.04294478527607362,False
642048,454,0.20484581497797358,0.10572687224669604,0.022026431718061675,False
642100,670,0.29701492537313434,0.06417910447761194,0.026865671641791045,False
642121,328,0.24085365853658536,0.10670731707317073,0.03048780487804878,False
642130,75,0.12,0.13333333333333333,0.013333333333333334,False
642152,471,0.22929936305732485,0.09129511677282377,0.025477707006369428,False
642203,82,0.17073170731707318,0.06097560975609756,0.024390243902439025,False
642207,849,0.37338044758539457,0.11778563015312132,0.015312131919905771,False
642216,182,0.2087912087912088,0.06593406593406594,0.04395604395604396,True
642231,135,0.23703703703703705,0.11851851851851852,0.044444444444444446,False
642232,1381,0.17668356263577117,0.062273714699493124,0.03548153511947864,False
642239,235,0.1829787234042553,0.10638297872340426,0.01702127659574468,False
642397,1055,0.2502369668246445,0.10426540284360189,0.015165876777251185,False
642520,115,0.19130434782608696,0.10434782608695652,0.034782608695652174,False
642528,462,0.16233766233766234,0.06926406926406926,0.025974025974025976,False
642545,678,0.1710914454277286,0.07227138643067847,0.045722713864306784,False
642546,470,0.2127659574468085,0.1276595744680851,0.02553191489361702,False
642547,2547,0.2862190812720848,0.08794660384766392,0.03337259521005104,True
642585,632,0.3924050632911392,0.11392405063291139,0.022151898734177215,False
642629,92,0.22826086956521738,0.08695652173913043,0.03260869565217391,False
642701,862,0.22621809744779584,0.08468677494199536,0.015081206496519721,False
642758,313,0.20766773162939298,0.06070287539936102,0.03514376996805112,False
642770,179,0.1340782122905028,0.18435754189944134,0.027932960893854747,False
643256,500,0.178,0.072,0.026,False
643290,138,0.15217391304347827,0.12318840579710146,0.07971014492753623,True
643316,61,0.22950819672131148,0.14754098360655737,0.01639344262295082,False
643338,514,0.21595330739299612,0.07003891050583658,0.04669260700389105,False
643361,234,0.13675213675213677,0.05982905982905983,0.021367521367521368,False
643377,1135,0.3039647577092511,0.06607929515418502,0.02026431718061674,False
643410,1050,0.28095238095238095,0.08857142857142856,0.02857142857142857,False
643493,444,0.1554054054054054,0.05405405405405406,0.04279279279279279,False
643511,1217,0.17091207888249796,0.04519309778142974,0.01725554642563681,False
643615,64,0.078125,0.109375,0.078125,True
644364,187,0.23529411764705882,0.06417112299465241,0.026737967914438502,False
645261,2393,0.20894274968658588,0.06477225240284162,0.025073129962390306,True
646242,155,0.14838709677419354,0.12903225806451613,0.01935483870967742,False
647315,424,0.1721698113207547,0.06839622641509434,0.03537735849056604,False
647336,883,0.23669309173272934,0.0985277463193658,0.03850509626274066,True
650204,94,0.19148936170212766,0.07446808510638298,0.0425531914893617,False
650496,66,0.21212121212121213,0.12121212121212122,0.030303030303030304,False
650530,84,0.20238095238095238,0.11904761904761904,0.03571428571428571,True
650556,1239,0.34786117836965297,0.10250201775625505,0.01775625504439064,False
650633,1715,0.2845481049562682,0.080466472303207,0.02565597667638484,False
650644,2065,0.22130750605326877,0.06876513317191284,0.03486682808716707,True
650671,294,0.2857142857142857,0.13945578231292516,0.02040816326530612,False
650893,890,0.19775280898876405,0.10224719101123596,0.04269662921348315,False
650895,314,0.21019108280254778,0.1178343949044586,0.022292993630573247,False
650911,2216,0.23240072202166065,0.05685920577617329,0.020306859205776174,True
650960,165,0.1696969696969697,0.14545454545454545,0.04242424242424243,False
655889,336,0.19940476190476192,0.07738095238095238,0.017857142857142856,False
656061,440,0.225,0.12954545454545455,0.031818181818181815,False
656186,141,0.18439716312056736,0.1276595744680851,0.03546099290780142,False
656222,985,0.22233502538071065,0.09137055837563451,0.023350253807106598,False
656232,547,0.16087751371115175,0.09689213893967093,0.03473491773308958,False
656234,1025,0.21073170731707316,0.0975609756097561,0.024390243902439025,False
656240,279,0.18996415770609318,0.0931899641577061,0.03942652329749104,False
656257,261,0.2681992337164751,0.10727969348659004,0.04597701149425287,False
656266,52,0.25,0.07692307692307693,0.019230769230769232,False
656271,996,0.2359437751004016,0.06827309236947791,0.03413654618473896,False
656288,1603,0.2114784778540237,0.08546475358702432,0.038053649407361195,True
656290,117,0.21367521367521367,0.05128205128205128,0.02564102564102564,False
656302,3058,0.29136690647482016,0.09712230215827339,0.02485284499672989,True
656322,92,0.1956521739130435,0.16304347826086957,0.010869565217391304,False
656353,498,0.1606425702811245,0.11244979919678715,0.02610441767068273,False
656354,297,0.2356902356902357,0.12794612794612795,0.016835016835016835,False
656382,103,0.17475728155339806,0.1262135922330097,0.04854368932038835,False
656412,752,0.20877659574468085,0.09707446808510638,0.03723404255319149,False
656420,134,0.2537313432835821,0.07462686567164178,0.022388059701492536,False
656427,2296,0.257404181184669,0.08928571428571429,0.03266550522648084,True
656457,471,0.19532908704883228,0.0870488322717622,0.03397027600849257,False
656458,199,0.24623115577889448,0.135678391959799,0.01507537688442211,False
656464,836,0.26435406698564595,0.08014354066985646,0.014354066985645933,False
656529,584,0.2825342465753425,0.07534246575342465,0.017123287671232876,False
656546,1042,0.30230326295585414,0.08829174664107485,0.029750479846449136,False
656550,774,0.24935400516795866,0.08914728682170543,0.029715762273901807,True
656557,1656,0.20591787439613526,0.07729468599033816,0.022946859903381644,True
656578,299,0.22073578595317725,0.08695652173913043,0.03678929765886288,False
656605,3034,0.2188529993408042,0.07119314436387607,0.027356624917600526,True
656629,1456,0.2396978021978022,0.13873626373626374,0.03708791208791209,False
656638,649,0.28043143297380585,0.14329738058551617,0.01694915254237288,False
656641,562,0.21530249110320285,0.11921708185053381,0.023131672597864767,False
656657,318,0.1761006289308176,0.06918238993710692,0.05345911949685535,True
656685,212,0.18867924528301888,0.08490566037735849,0.018867924528301886,False
656686,190,0.23157894736842105,0.11052631578947368,0.03684210526315789,False
656730,746,0.29892761394101874,0.08176943699731903,0.01876675603217158,False
656731,1434,0.2377963737796374,0.09832635983263599,0.028591352859135284,True
656756,2179,0.19596145020651676,0.062413951353832035,0.02569986232216613,True
656786,149,0.174496644295302,0.08053691275167785,0.040268456375838924,False
656793,357,0.22408963585434175,0.11764705882352941,0.0056022408963585435,False
656794,631,0.2266244057052298,0.10618066561014262,0.025356576862123614,False
656803,85,0.25882352941176473,0.10588235294117647,0.023529411764705882,False
656818,179,0.12849162011173185,0.1005586592178771,0.0223463687150838,True
656848,169,0.1834319526627219,0.10650887573964497,0.03550295857988166,False
656849,2244,0.22950089126559714,0.09670231729055258,0.02094474153297683,True
656876,1467,0.22903885480572597,0.05794137695978187,0.022494887525562373,True
656887,168,0.2916666666666667,0.16071428571428573,0.005952380952380952,False
656924,97,0.1958762886597938,0.10309278350515463,0.020618556701030927,False
656945,1148,0.30139372822299654,0.10975609756097561,0.01916376306620209,False
656954,51,0.13725490196078433,0.11764705882352941,0.0196078431372549,False
656970,387,0.14470284237726097,0.059431524547803614,0.05167958656330749,True
656981,67,0.08955223880597014,0.16417910447761194,0.029850746268656716,False
656986,329,0.24620060790273557,0.08206686930091185,0.0243161094224924,False
657006,1875,0.24426666666666666,0.06826666666666667,0.0208,True
657024,642,0.2881619937694704,0.07476635514018691,0.03271028037383177,False
657031,83,0.3132530120481928,0.10843373493975904,0.04819277108433735,False
657044,795,0.19622641509433963,0.06415094339622641,0.02012578616352201,False
657053,609,0.22495894909688013,0.15435139573070608,0.024630541871921183,False
657093,480,0.13958333333333334,0.06666666666666667,0.027083333333333334,True
657097,749,0.2349799732977303,0.1041388518024032,0.029372496662216287,False
657140,914,0.23413566739606126,0.07768052516411379,0.0262582056892779,True
657240,584,0.2568493150684932,0.10787671232876712,0.023972602739726026,False
657248,638,0.18495297805642633,0.10658307210031348,0.04231974921630094,True
657265,358,0.24022346368715083,0.08379888268156424,0.01675977653631285,False
657272,130,0.16923076923076924,0.1076923076923077,0.023076923076923078,False
657277,3334,0.22585482903419316,0.052789442111577684,0.016796640671865627,True
657376,1666,0.22869147659063627,0.08283313325330131,0.030012004801920768,True
657424,214,0.21962616822429906,0.09813084112149532,0.009345794392523364,False
657508,686,0.20699708454810495,0.10204081632653061,0.027696793002915453,False
657514,679,0.23122238586156113,0.10014727540500737,0.016200294550810016,False
657571,956,0.2395397489539749,0.09518828451882845,0.014644351464435146,False
657585,652,0.2745398773006135,0.11196319018404909,0.02607361963190184,False
657612,1012,0.12351778656126482,0.06422924901185771,0.017786561264822136,False
657649,739,0.2165087956698241,0.08119079837618404,0.02029769959404601,False
657697,69,0.17391304347826086,0.043478260869565216,0.014492753623188406,False
657746,2511,0.2747909199522103,0.05694942254082039,0.039028275587415374,True
657756,506,0.16996047430830039,0.07114624505928854,0.04743083003952569,False
657770,110,0.22727272727272727,0.14545454545454545,0.01818181818181818,False
658431,110,0.15454545454545454,0.05454545454545454,0.01818181818181818,False
658551,84,0.16666666666666666,0.14285714285714285,0.03571428571428571,False
658648,604,0.23841059602649006,0.10596026490066225,0.019867549668874173,False
659262,85,0.2235294117647059,0.18823529411764706,0.047058823529411764,False
659275,312,0.2564102564102564,0.14102564102564102,0.038461538461538464,False
660261,357,0.23249299719887956,0.12605042016806722,0.025210084033613446,False
660271,1462,0.32558139534883723,0.0786593707250342,0.0253077975376197,True
660593,121,0.1652892561983471,0.0743801652892562,0.024793388429752067,False
660600,101,0.1782178217821782,0.12871287128712872,0.0,False
660730,243,0.19753086419753085,0.09053497942386832,0.08641975308641975,False
660761,948,0.2141350210970464,0.0949367088607595,0.03375527426160337,True
660787,376,0.19148936170212766,0.10904255319148937,0.013297872340425532,False
660813,511,0.19765166340508805,0.05675146771037182,0.011741682974559686,False
660825,599,0.2570951585976628,0.07512520868113523,0.0333889816360601,False
660853,1047,0.24068767908309455,0.08787010506208214,0.029608404966571154,False
660896,577,0.23743500866551126,0.10745233968804159,0.045060658578856154,False
660906,122,0.1721311475409836,0.13934426229508196,0.01639344262295082,False
661255,51,0.19607843137254902,0.09803921568627451,0.0392156862745098,False
661269,196,0.1683673469387755,0.1326530612244898,0.04591836734693878,True
661309,500,0.2,0.076,0.042,False
661383,211,0.22274881516587677,0.11848341232227488,0.03317535545023697,False
661395,1070,0.3102803738317757,0.07476635514018691,0.017757009345794394,False
661403,1104,0.2427536231884058,0.04619565217391304,0.012681159420289856,False
661440,232,0.21120689655172414,0.09913793103448276,0.021551724137931036,False
661527,572,0.20804195804195805,0.08916083916083917,0.026223776223776224,False
661563,948,0.23523206751054854,0.12341772151898735,0.028481012658227847,True
662253,998,0.3376753507014028,0.09619238476953908,0.01603206412825651,False
663158,882,0.26303854875283444,0.07369614512471655,0.027210884353741496,False
663321,104,0.25,0.125,0.07692307692307693,False
663362,798,0.20551378446115287,0.06516290726817042,0.03759398496240601,True
663372,1456,0.19574175824175824,0.08722527472527472,0.028846153846153848,True
663378,67,0.26865671641791045,0.1044776119402985,0.08955223880597014,False
663385,145,0.2206896551724138,0.15172413793103448,0.027586206896551724,False
663399,134,0.16417910447761194,0.08208955223880597,0.029850746268656716,False
663423,788,0.2182741116751269,0.07106598984771574,0.03299492385786802,False
663432,364,0.22252747252747251,0.11813186813186813,0.03571428571428571,False
663436,1090,0.18256880733944955,0.08256880733944955,0.030275229357798167,True
663455,389,0.2210796915167095,0.12853470437017994,0.033419023136246784,False
663460,1273,0.22309505106048705,0.08798114689709348,0.02199528672427337,True
663462,157,0.2484076433121019,0.09554140127388536,0.03184713375796178,False
663465,526,0.1844106463878327,0.060836501901140684,0.039923954372623575,False
663474,1196,0.24498327759197325,0.09113712374581939,0.039297658862876256,True
663485,834,0.23741007194244604,0.0683453237410072,0.025179856115107913,False
663542,350,0.25142857142857145,0.09714285714285714,0.02857142857142857,False
663546,664,0.2183734939759036,0.06626506024096386,0.02710843373493976,False
663554,1149,0.19843342036553524,0.06179286335944299,0.02959094865100087,True
663556,1137,0.28144239226033424,0.06948109058927,0.030782761653474055,True
663558,348,0.29310344827586204,0.12931034482758622,0.008620689655172414,False
663559,1809,0.1724709784411277,0.07131011608623548,0.038695411829740185,True
663562,314,0.18471337579617833,0.09235668789808917,0.054140127388535034,False
663567,655,0.18473282442748093,0.08702290076335878,0.03816793893129771,False
663568,672,0.17261904761904762,0.06398809523809523,0.019345238095238096,False
663574,544,0.26286764705882354,0.10477941176470588,0.022058823529411766,False
663623,2086,0.18168744007670182,0.08053691275167785,0.041706615532118886,True
663629,56,0.23214285714285715,0.17857142857142858,0.03571428571428571,True
663658,160,0.1875,0.175,0.04375,False
663671,127,0.23622047244094488,0.09448818897637795,0.023622047244094488,False
663687,866,0.21016166281755197,0.10854503464203233,0.025404157043879907,False
663704,337,0.21364985163204747,0.04747774480712166,0.02967359050445104,False
663738,1286,0.18662519440124417,0.08398133748055987,0.03421461897356143,False
663752,144,0.24305555555555555,0.125,0.041666666666666664,False
663753,91,0.15384615384615385,0.0989010989010989,0.04395604395604396,False
663765,747,0.13654618473895583,0.07362784471218206,0.028112449799196786,False
663767,217,0.17972350230414746,0.09216589861751152,0.03225806451612903,False
663773,589,0.1765704584040747,0.07640067911714771,0.04074702886247878,False
663776,1643,0.21911138161898966,0.10286062081558126,0.01704199634814364,True
663795,99,0.23232323232323232,0.020202020202020204,0.04040404040404041,False
663804,290,0.2103448275862069,0.1310344827586207,0.041379310344827586,False
663855,1354,0.2223042836041359,0.11004431314623338,0.019940915805022157,False
663878,542,0.22878228782287824,0.09040590405904059,0.03874538745387454,False
663893,518,0.25096525096525096,0.13513513513513514,0.023166023166023165,False
663903,2802,0.22019985724482513,0.07066381156316917,0.02819414703783012,True
663941,653,0.1883614088820827,0.06278713629402756,0.02909647779479326,False
663947,1071,0.2138188608776844,0.05228758169934641,0.03081232492997199,False
663969,473,0.16913319238900634,0.06553911205073996,0.035940803382663845,False
663978,1181,0.1905165114309907,0.05165114309906858,0.03895004233700254,True
663986,579,0.29015544041450775,0.07772020725388601,0.015544041450777202,False
663989,220,0.20909090909090908,0.05909090909090909,0.03636363636363636,False
663992,300,0.20666666666666667,0.09,0.03,False
664028,83,0.10843373493975904,0.08433734939759036,0.012048192771084338,False
664042,50,0.16,0.12,0.06,False
664054,65,0.23076923076923078,0.0,0.015384615384615385,False
664062,1099,0.2183803457688808,0.08553230209281165,0.03548680618744313,True
664076,657,0.3120243531202435,0.0943683409436834,0.0289193302891933,False
664092,120,0.18333333333333332,0.1,0.041666666666666664,False
664123,294,0.23809523809523808,0.06802721088435375,0.017006802721088437,False
664126,702,0.29772079772079774,0.08547008547008547,0.021367521367521368,False
664129,60,0.16666666666666666,0.11666666666666667,0.03333333333333333,False
664139,597,0.22278056951423786,0.09212730318257957,0.023450586264656615,False
664141,763,0.2214941022280472,0.08650065530799476,0.022280471821756225,True
664161,153,0.23529411764705882,0.13071895424836602,0.0784313725490196,False
664192,406,0.1724137931034483,0.09113300492610837,0.022167487684729065,False
664199,675,0.2325925925925926,0.06074074074074074,0.03851851851851852,False
664202,61,0.29508196721311475,0.08196721311475409,0.03278688524590164,False
664208,1121,0.26851025869759143,0.09009812667261374,0.026761819803746655,False
664285,3318,0.24201326100060278,0.07926461723930078,0.0189873417721519,True
664294,467,0.28693790149892934,0.09421841541755889,0.034261241970021415,False
664299,1672,0.26435406698564595,0.09569377990430622,0.03110047846889952,True
664337,119,0.13445378151260504,0.13445378151260504,0.025210084033613446,False
664350,162,0.10493827160493827,0.08641975308641975,0.018518518518518517,True
664351,80,0.2375,0.125,0.025,False
664353,1008,0.18948412698412698,0.06547619047619048,0.044642857142857144,True
664747,868,0.27764976958525345,0.12903225806451613,0.024193548387096774,False
664776,285,0.3087719298245614,0.14736842105263157,0.02456140350877193,False
664849,250,0.272,0.1,0.016,False
664854,910,0.31868131868131866,0.0956043956043956,0.01978021978021978,False
664875,865,0.22427745664739884,0.11445086705202312,0.019653179190751446,False
664942,117,0.10256410256410256,0.09401709401709402,0.02564102564102564,False
664948,182,0.1978021978021978,0.09340659340659341,0.03296703296703297,False
664991,133,0.23308270676691728,0.11278195488721804,0.015037593984962405,False
665001,176,0.19318181818181818,0.08522727272727272,0.0625,False
665019,54,0.037037037037037035,0.09259259259259259,0.018518518518518517,False
665048,91,0.0989010989010989,0.14285714285714285,0.02197802197802198,False
665152,2521,0.20190400634668781,0.07378024593415311,0.0317334391114637,True
665620,135,0.18518518518518517,0.17037037037037037,0.02962962962962963,False
665621,206,0.23300970873786409,0.06310679611650485,0.043689320388349516,True
665622,675,0.20444444444444446,0.11407407407407408,0.02666666666666667,True
665625,562,0.20462633451957296,0.10320284697508897,0.021352313167259787,False
665645,57,0.19298245614035087,0.12280701754385964,0.05263157894736842,False
665660,183,0.273224043715847,0.12021857923497267,0.03278688524590164,False
665665,326,0.18404907975460122,0.1196319018404908,0.03067484662576687,False
665734,64,0.296875,0.203125,0.0,False
665795,1724,0.26102088167053367,0.1142691415313225,0.03074245939675174,True
665871,1406,0.19274537695590327,0.09672830725462304,0.02844950213371266,True
665896,186,0.1935483870967742,0.1881720430107527,0.03225806451612903,False
666120,544,0.19301470588235295,0.11213235294117647,0.025735294117647058,True
666129,1206,0.236318407960199,0.04809286898839138,0.028192371475953566,True
666142,1626,0.2915129151291513,0.0910209102091021,0.02152521525215252,True
666154,158,0.10126582278481013,0.10126582278481013,0.03164556962025317,False
666157,1749,0.2607204116638079,0.06689536878216124,0.03316180674671241,True
666159,702,0.17236467236467237,0.07407407407407407,0.02849002849002849,True
666168,401,0.1745635910224439,0.10723192019950124,0.017456359102244388,False
666171,321,0.2834890965732087,0.1277258566978193,0.037383177570093455,False
666200,2221,0.2769022962629446,0.07654209815398469,0.025664115263394866,True
666201,1328,0.21762048192771086,0.08960843373493976,0.02786144578313253,True
666204,356,0.2247191011235955,0.14325842696629212,0.03089887640449438,False
666205,633,0.16429699842022116,0.09004739336492891,0.037914691943127965,False
666214,1373,0.2112163146394756,0.09905316824471959,0.033503277494537506,False
666215,86,0.19767441860465115,0.12790697674418605,0.03488372093023256,False
666277,535,0.2205607476635514,0.102803738317757,0.04299065420560748,False
666364,108,0.1574074074074074,0.1111111111111111,0.046296296296296294,False
666374,776,0.31056701030927836,0.1095360824742268,0.01288659793814433,False
666619,337,0.2195845697329377,0.06231454005934718,0.005934718100890208,False
666661,152,0.23684210526315788,0.13157894736842105,0.013157894736842105,False
666711,86,0.19767441860465115,0.09302325581395349,0.023255813953488372,False
666720,175,0.18857142857142858,0.10857142857142857,0.045714285714285714,False
666721,259,0.18146718146718147,0.09266409266409266,0.03861003861003861,False
666745,557,0.1813285457809695,0.06822262118491922,0.03231597845601436,False
666808,1130,0.2814159292035398,0.11504424778761062,0.01415929203539823,False
666818,309,0.1941747572815534,0.1423948220064725,0.025889967637540454,False
666974,893,0.22956326987681971,0.08846584546472565,0.022396416573348264,False
667297,425,0.2541176470588235,0.08941176470588236,0.01647058823529412,False
667376,58,0.15517241379310345,0.13793103448275862,0.05172413793103448,False
667427,282,0.3191489361702128,0.1524822695035461,0.0070921985815602835,False
667463,849,0.13663133097762073,0.061248527679623084,0.023557126030624265,False
667465,52,0.11538461538461539,0.07692307692307693,0.038461538461538464,False
667498,72,0.2638888888888889,0.09722222222222222,0.041666666666666664,False
667725,156,0.17307692307692307,0.12179487179487179,0.02564102564102564,True
667755,1377,0.2214960058097313,0.10602759622367465,0.017429193899782137,True
668338,355,0.2028169014084507,0.07042253521126761,0.028169014084507043,False
668390,239,0.20502092050209206,0.08786610878661087,0.02092050209205021,False
668665,213,0.215962441314554,0.09859154929577464,0.046948356807511735,False
668674,777,0.24967824967824967,0.09395109395109395,0.011583011583011582,False
668676,730,0.16575342465753426,0.0684931506849315,0.03561643835616438,True
668678,3135,0.24465709728867624,0.07272727272727272,0.027751196172248804,True
668716,98,0.21428571428571427,0.20408163265306123,0.0,False
668820,167,0.17365269461077845,0.04790419161676647,0.029940119760479042,False
668834,98,0.16326530612244897,0.061224489795918366,0.01020408163265306,False
668868,506,0.23517786561264822,0.09288537549407115,0.03359683794466403,False
668873,137,0.15328467153284672,0.145985401459854,0.014598540145985401,True
668881,2077,0.2989889263360616,0.08714492055849783,0.03514684641309581,True
668909,1415,0.24381625441696114,0.10812720848056537,0.028268551236749116,True
668933,1728,0.1753472222222222,0.0775462962962963,0.027199074074074073,False
668941,712,0.23174157303370788,0.09129213483146068,0.019662921348314606,False
668943,58,0.1896551724137931,0.13793103448275862,0.034482758620689655,False
668948,159,0.16352201257861634,0.08176100628930817,0.06918238993710692,False
668964,813,0.2091020910209102,0.06519065190651907,0.028290282902829027,True
668968,107,0.3177570093457944,0.1588785046728972,0.018691588785046728,False
668970,192,0.21354166666666666,0.11458333333333333,0.046875,False
668984,327,0.22324159021406728,0.11009174311926606,0.03669724770642202,False
669020,193,0.12953367875647667,0.10362694300518134,0.05699481865284974,False
669022,2302,0.25586446568201565,0.09687228496959166,0.02997393570807993,True
669060,1490,0.16778523489932887,0.0697986577181208,0.040268456375838924,False
669062,412,0.2645631067961165,0.1407766990291262,0.01699029126213592,False
669084,509,0.2337917485265226,0.09823182711198428,0.019646365422396856,False
669093,667,0.3448275862068966,0.10194902548725637,0.031484257871064465,False
669111,60,0.35,0.08333333333333333,0.03333333333333333,False
669145,381,0.16535433070866143,0.031496062992125984,0.06299212598425197,True
669160,898,0.2071269487750557,0.0957683741648107,0.02783964365256125,True
669169,557,0.1490125673249551,0.0933572710951526,0.0466786355475763,True
669194,1967,0.1916624300965938,0.06507371631926792,0.031011692933401117,True
669199,336,0.25595238095238093,0.10119047619047619,0.03571428571428571,False
669203,2676,0.25971599402092677,0.07249626307922272,0.028774289985052316,True
669211,1025,0.25365853658536586,0.07804878048780488,0.03024390243902439,False
669212,751,0.255659121171771,0.06657789613848203,0.03062583222370173,False
669270,352,0.18181818181818182,0.05397727272727273,0.03125,False
669276,826,0.28692493946731235,0.059322033898305086,0.03631961259079903,False
669302,2966,0.2612946729602158,0.053270397842211735,0.03270397842211733,True
669308,166,0.27710843373493976,0.13253012048192772,0.024096385542168676,False
669330,1053,0.21557454890788225,0.06362773029439696,0.045584045584045586,True
669358,1147,0.23975588491717523,0.08718395815170009,0.03487358326068003,True
669371,241,0.2157676348547718,0.13278008298755187,0.029045643153526972,False
669372,534,0.2397003745318352,0.0749063670411985,0.03932584269662921,True
669373,2436,0.3054187192118227,0.04926108374384237,0.020114942528735632,True
669387,780,0.21666666666666667,0.08205128205128205,0.017948717948717947,False
669395,389,0.2390745501285347,0.14652956298200515,0.02056555269922879,False
669422,213,0.15492957746478872,0.0892018779342723,0.04225352112676056,False
669424,376,0.22872340425531915,0.11702127659574468,0.03723404255319149,False
669432,1541,0.2109020116807268,0.0882543802725503,0.024010382868267358,True
669438,531,0.1902071563088512,0.062146892655367235,0.03766478342749529,False
669456,1662,0.23766546329723226,0.052948255114320095,0.02707581227436823,True
669459,454,0.23348017621145375,0.07488986784140969,0.037444933920704845,False
669461,1442,0.18862690707350901,0.0769764216366158,0.027739251040221916,False
669467,1988,0.1619718309859155,0.09054325955734406,0.022132796780684104,False
669618,190,0.17894736842105263,0.07894736842105263,0.03684210526315789,False
669620,149,0.18120805369127516,0.09395973154362416,0.020134228187919462,False
669622,510,0.23137254901960785,0.09215686274509804,0.01764705882352941,False
669674,762,0.1889763779527559,0.10236220472440945,0.03280839895013123,False
669684,360,0.21944444444444444,0.10277777777777777,0.025,False
669704,105,0.22857142857142856,0.12380952380952381,0.009523809523809525,False
669711,679,0.21796759941089838,0.07952871870397643,0.025036818851251842,False
669713,925,0.22918918918918918,0.07135135135135136,0.04540540540540541,False
669721,186,0.1989247311827957,0.08064516129032258,0.03225806451612903,True
669724,415,0.163855421686747,0.05060240963855422,0.016867469879518072,False
669796,248,0.2661290322580645,0.10483870967741936,0.04032258064516129,False
669804,54,0.12962962962962962,0.07407407407407407,0.037037037037037035,False
669854,1143,0.24234470691163604,0.10761154855643044,0.03674540682414698,True
669912,314,0.1624203821656051,0.11146496815286625,0.01910828025477707,False
669920,657,0.1689497716894977,0.0821917808219178,0.0410958904109589,True
669923,2712,0.23893805309734514,0.036135693215339236,0.028023598820058997,True
669947,377,0.15384615384615385,0.07957559681697612,0.03978779840848806,False
669952,610,0.17049180327868851,0.09016393442622951,0.02459016393442623,False
670036,602,0.26578073089701,0.08970099667774087,0.02823920265780731,False
670046,297,0.18181818181818182,0.09427609427609428,0.030303030303030304,False
670059,706,0.22096317280453256,0.10623229461756374,0.019830028328611898,False
670090,128,0.203125,0.1015625,0.0078125,False
670102,835,0.2179640718562874,0.06826347305389222,0.04910179640718563,False
670124,627,0.15151515151515152,0.11642743221690591,0.046251993620414676,True
670167,965,0.24766839378238342,0.09015544041450778,0.02072538860103627,False
670174,1068,0.18258426966292135,0.08333333333333333,0.027153558052434457,False
670241,150,0.15333333333333332,0.07333333333333333,0.04666666666666667,False
670280,1022,0.29549902152641877,0.08317025440313111,0.019569471624266144,False
670329,237,0.2109704641350211,0.08016877637130802,0.05063291139240506,False
670766,222,0.17117117117117117,0.08108108108108109,0.04504504504504504,False
670810,169,0.14792899408284024,0.047337278106508875,0.029585798816568046,False
670871,84,0.19047619047619047,0.09523809523809523,0.05952380952380952,False
670912,1193,0.2129086336965633,0.10813076278290025,0.025146689019279127,True
670950,877,0.28506271379703535,0.12086659064994298,0.0330672748004561,False
670955,564,0.3120567375886525,0.07801418439716312,0.026595744680851064,False
670970,775,0.2335483870967742,0.07225806451612904,0.014193548387096775,False
670990,706,0.22237960339943344,0.09915014164305949,0.021246458923512748,False
671096,1729,0.22151532677848468,0.0803932909196067,0.03470213996529786,True
671106,1645,0.1945288753799392,0.09179331306990882,0.03404255319148936,True
671109,87,0.1839080459770115,0.11494252873563218,0.034482758620689655,False
671111,214,0.17289719626168223,0.11214953271028037,0.018691588785046728,False
671131,452,0.1902654867256637,0.07079646017699115,0.046460176991150445,False
671212,512,0.251953125,0.142578125,0.021484375,True
671305,151,0.36423841059602646,0.13245033112582782,0.013245033112582781,False
671345,786,0.183206106870229,0.058524173027989825,0.011450381679389313,False
671737,1643,0.24954351795496044,0.08642726719415703,0.038953134510042606,True
671790,87,0.13793103448275862,0.13793103448275862,0.022988505747126436,False
671922,641,0.3541341653666147,0.062402496099843996,0.0093603744149766,False
672282,1840,0.26032608695652176,0.09184782608695652,0.030434782608695653,True
672335,839,0.20381406436233612,0.11323003575685339,0.00834326579261025,False
672391,528,0.23863636363636365,0.10416666666666667,0.04734848484848485,False
672456,831,0.18531889290012032,0.07701564380264742,0.0421179302045728,True
672578,898,0.19821826280623608,0.111358574610245,0.024498886414253896,False
672582,756,0.19973544973544974,0.07275132275132275,0.0291005291005291,False
672710,1059,0.19169027384324835,0.09820585457979225,0.03588290840415486,False
672715,197,0.14720812182741116,0.13705583756345177,0.04568527918781726,False
672782,339,0.21238938053097345,0.10029498525073746,0.04129793510324484,False
672841,386,0.16839378238341968,0.07772020725388601,0.03367875647668394,False
672851,598,0.18227424749163879,0.11204013377926421,0.030100334448160536,True
672860,91,0.31868131868131866,0.17582417582417584,0.02197802197802198,False
673380,135,0.35555555555555557,0.05925925925925926,0.022222222222222223,False
673513,533,0.24577861163227016,0.1125703564727955,0.03377110694183865,False
673540,1225,0.26448979591836735,0.11428571428571428,0.025306122448979593,True
673929,411,0.26034063260340634,0.11678832116788321,0.043795620437956206,False
674003,569,0.22144112478031636,0.043936731107205626,0.03866432337434095,True
674072,768,0.16927083333333334,0.09635416666666667,0.040364583333333336,True
674285,344,0.15988372093023256,0.10174418604651163,0.02616279069767442,False
674370,858,0.20862470862470864,0.09557109557109557,0.030303030303030304,False
674384,60,0.18333333333333332,0.18333333333333332,0.03333333333333333,False
674444,269,0.21189591078066913,0.10780669144981413,0.022304832713754646,False
674681,52,0.21153846153846154,0.019230769230769232,0.07692307692307693,False
674841,98,0.20408163265306123,0.10204081632653061,0.01020408163265306,True
674944,84,0.14285714285714285,0.03571428571428571,0.0,False
675512,216,0.2037037037037037,0.08796296296296297,0.041666666666666664,False
675540,623,0.15730337078651685,0.06902086677367576,0.033707865168539325,False
675627,662,0.2326283987915408,0.07099697885196375,0.03927492447129909,False
675650,64,0.15625,0.140625,0.140625,False
675848,261,0.26053639846743293,0.09578544061302682,0.022988505747126436,False
675911,1936,0.3331611570247934,0.08574380165289257,0.028925619834710745,True
675916,353,0.33994334277620397,0.1501416430594901,0.0226628895184136,False
675921,341,0.17888563049853373,0.093841642228739,0.05278592375366569,True
675989,190,0.20526315789473684,0.12631578947368421,0.031578947368421054,False
676050,158,0.22784810126582278,0.05063291139240506,0.0189873417721519,False
676083,565,0.17876106194690267,0.03893805309734513,0.023008849557522124,True
676092,534,0.1947565543071161,0.08801498127340825,0.026217228464419477,False
676105,87,0.3103448275862069,0.10344827586206896,0.04597701149425287,False
676106,718,0.15598885793871867,0.0807799442896936,0.03899721448467967,True
676130,812,0.2315270935960591,0.1206896551724138,0.020935960591133004,False
676194,96,0.09375,0.10416666666666667,0.041666666666666664,True
676206,68,0.22058823529411764,0.16176470588235295,0.058823529411764705,False
676254,837,0.2831541218637993,0.07168458781362007,0.02031063321385902,False
676263,327,0.23853211009174313,0.08256880733944955,0.012232415902140673,False
676265,399,0.21303258145363407,0.11027568922305764,0.05263157894736842,False
676272,774,0.2222222222222222,0.082687338501292,0.037467700258397935,True
676282,585,0.27008547008547007,0.1076923076923077,0.02905982905982906,False
676395,647,0.27202472952086554,0.07727975270479134,0.023183925811437404,False
676428,489,0.22085889570552147,0.07157464212678936,0.02044989775051125,False
676440,2147,0.2384722869119702,0.06986492780624126,0.029809035863996275,True
676467,379,0.18997361477572558,0.05013192612137203,0.055408970976253295,True
676477,993,0.26686807653575023,0.06143001007049345,0.026183282980866064,False
676508,397,0.2216624685138539,0.07556675062972293,0.020151133501259445,False
676534,711,0.23628691983122363,0.10126582278481013,0.02250351617440225,False
676571,110,0.24545454545454545,0.11818181818181818,0.01818181818181818,False
676596,528,0.13446969696969696,0.08522727272727272,0.032196969696969696,False
676604,74,0.24324324324324326,0.10810810810810811,0.05405405405405406,False
676614,104,0.17307692307692307,0.08653846153846154,0.057692307692307696,False
676617,250,0.228,0.124,0.016,False
676637,57,0.21052631578947367,0.05263157894736842,0.0,False
676641,99,0.1919191919191919,0.09090909090909091,0.030303030303030304,False
676661,224,0.15625,0.0625,0.04017857142857143,False
676664,2364,0.19712351945854484,0.06810490693739425,0.04230118443316413,True
676680,281,0.2099644128113879,0.08896797153024912,0.021352313167259787,False
676684,1093,0.2516010978956999,0.0686184812442818,0.01463860933211345,False
676702,294,0.20068027210884354,0.05782312925170068,0.027210884353741496,False
676710,1620,0.2388888888888889,0.07160493827160494,0.03888888888888889,True
676714,391,0.2710997442455243,0.09974424552429667,0.05370843989769821,False
676755,221,0.23076923076923078,0.1085972850678733,0.01809954751131222,False
676760,485,0.2824742268041237,0.12577319587628866,0.024742268041237112,False
676775,410,0.20243902439024392,0.06829268292682927,0.036585365853658534,True
676831,59,0.2033898305084746,0.15254237288135594,0.03389830508474576,False
676879,905,0.2674033149171271,0.09834254143646409,0.023204419889502764,False
676886,64,0.296875,0.078125,0.0625,False
676917,242,0.19008264462809918,0.07024793388429752,0.028925619834710745,True
676961,223,0.21076233183856502,0.08071748878923767,0.026905829596412557,False
676962,703,0.267425320056899,0.07539118065433854,0.032716927453769556,True
676969,52,0.1346153846153846,0.07692307692307693,0.0,False
676974,559,0.2146690518783542,0.07334525939177101,0.05008944543828265,True
676979,1499,0.3248832555036691,0.061374249499666446,0.02935290193462308,True
677020,103,0.22330097087378642,0.11650485436893204,0.02912621359223301,False
677053,537,0.31471135940409684,0.1005586592178771,0.037243947858473,False
677161,496,0.22983870967741934,0.1028225806451613,0.03024193548387097,False
677651,664,0.24548192771084337,0.07078313253012049,0.03614457831325301,True
677865,317,0.1829652996845426,0.07886435331230283,0.031545741324921134,False
677944,1010,0.19504950495049506,0.053465346534653464,0.04356435643564356,True
677952,292,0.24315068493150685,0.0821917808219178,0.010273972602739725,False
677955,174,0.21264367816091953,0.09195402298850575,0.022988505747126436,False
677958,342,0.2046783625730994,0.0847953216374269,0.03508771929824561,True
677960,811,0.20098643649815043,0.08508014796547472,0.036991368680641186,True
678020,219,0.2237442922374429,0.1050228310502283,0.0410958904109589,False
678022,161,0.22981366459627328,0.11180124223602485,0.024844720496894408,False
678024,423,0.1938534278959811,0.12293144208037825,0.018912529550827423,False
678061,238,0.27310924369747897,0.08403361344537816,0.04201680672268908,False
678215,55,0.18181818181818182,0.09090909090909091,0.03636363636363636,False
678226,271,0.25092250922509224,0.16605166051660517,0.014760147601476014,False
678368,643,0.15241057542768274,0.06842923794712286,0.04665629860031104,False
678394,2349,0.19753086419753085,0.08343976160068114,0.02596849723286505,True
678495,419,0.2863961813842482,0.06921241050119331,0.01909307875894988,False
678606,595,0.20336134453781513,0.058823529411764705,0.01680672268907563,False
678692,435,0.28045977011494255,0.08045977011494253,0.02528735632183908,False
678821,150,0.2,0.15333333333333332,0.04,False
678906,194,0.23711340206185566,0.12886597938144329,0.020618556701030927,True
679156,84,0.20238095238095238,0.13095238095238096,0.011904761904761904,False
679358,189,0.21693121693121692,0.1111111111111111,0.026455026455026454,False
679525,890,0.23370786516853934,0.08764044943820225,0.03932584269662921,True
679775,115,0.19130434782608696,0.06956521739130435,0.02608695652173913,False
679883,56,0.2857142857142857,0.10714285714285714,0.0,False
679885,432,0.29398148148148145,0.13657407407407407,0.011574074074074073,False
680570,1021,0.2556317335945152,0.08031341821743389,0.030362389813907934,True
680573,1084,0.2140221402214022,0.09132841328413284,0.03228782287822878,True
680684,139,0.16546762589928057,0.07913669064748201,0.07194244604316546,True
680686,1391,0.21998562185478074,0.10855499640546369,0.04457225017972682,True
680689,258,0.16666666666666666,0.1434108527131783,0.03488372093023256,False
680694,1491,0.2602280348759222,0.07780013413816231,0.02414486921529175,True
680704,737,0.26051560379918587,0.11397557666214382,0.037991858887381276,False
680723,170,0.18823529411764706,0.11176470588235295,0.041176470588235294,True
680729,50,0.12,0.16,0.04,False
680730,1371,0.17213712618526622,0.0736688548504741,0.031363967906637494,True
680732,672,0.23065476190476192,0.10416666666666667,0.03720238095238095,True
680735,251,0.21912350597609562,0.09561752988047809,0.043824701195219126,False
680736,454,0.23788546255506607,0.07268722466960352,0.03303964757709251,False
680739,472,0.18008474576271186,0.06991525423728813,0.029661016949152543,False
680742,211,0.24644549763033174,0.0947867298578199,0.04739336492890995,False
680744,107,0.16822429906542055,0.102803738317757,0.018691588785046728,False
680755,234,0.3076923076923077,0.09829059829059829,0.02564102564102564,False
680767,579,0.21761658031088082,0.11398963730569948,0.018998272884283247,False
680880,176,0.1875,0.10227272727272728,0.022727272727272728,False
680885,934,0.25160599571734477,0.043897216274089934,0.028907922912205567,True
680897,174,0.14942528735632185,0.20689655172413793,0.040229885057471264,True
681006,151,0.23841059602649006,0.1456953642384106,0.033112582781456956,False
681035,197,0.19796954314720813,0.06091370558375635,0.04060913705583756,True
681066,87,0.12643678160919541,0.1839080459770115,0.022988505747126436,True
681168,84,0.23809523809523808,0.11904761904761904,0.03571428571428571,False
681190,1167,0.14824335904027422,0.08483290488431877,0.02913453299057412,True
681217,388,0.23711340206185566,0.10824742268041238,0.04896907216494845,False
681293,788,0.2563451776649746,0.10786802030456853,0.03426395939086294,True
681343,616,0.2353896103896104,0.09415584415584416,0.027597402597402596,True
681347,416,0.23798076923076922,0.08173076923076923,0.03365384615384615,True
681402,218,0.21559633027522937,0.11009174311926606,0.022935779816513763,False
681432,139,0.28776978417266186,0.15827338129496402,0.007194244604316547,False
681517,569,0.20210896309314588,0.07557117750439367,0.01757469244288225,False
681676,425,0.24705882352941178,0.11294117647058824,0.023529411764705882,False
681799,156,0.22435897435897437,0.10256410256410256,0.038461538461538464,False
681806,370,0.23783783783783785,0.1,0.03513513513513514,False
681810,118,0.15254237288135594,0.0847457627118644,0.0423728813559322,False
681857,1210,0.22892561983471074,0.0768595041322314,0.02231404958677686,True
681867,668,0.1691616766467066,0.0718562874251497,0.02844311377245509,False
681869,394,0.2233502538071066,0.10152284263959391,0.025380710659898477,False
681870,199,0.35678391959798994,0.1457286432160804,0.01507537688442211,False
681882,202,0.24257425742574257,0.10396039603960396,0.0297029702970297,False
681892,391,0.23273657289002558,0.09718670076726342,0.017902813299232736,False
681895,80,0.3125,0.125,0.0125,False
681911,1005,0.3243781094527363,0.10348258706467661,0.025870646766169153,False
681982,580,0.23275862068965517,0.09137931034482759,0.041379310344827586,False
682010,92,0.1956521739130435,0.09782608695652174,0.010869565217391304,False
682051,343,0.15743440233236153,0.12536443148688048,0.03498542274052478,False
682052,499,0.25851703406813625,0.09218436873747494,0.03406813627254509,True
682120,610,0.25245901639344265,0.1180327868852459,0.01639344262295082,False
682171,405,0.2617283950617284,0.08148148148148149,0.02962962962962963,False
682175,138,0.15942028985507245,0.07971014492753623,0.021739130434782608,False
682227,550,0.2,0.08,0.04,True
682243,1688,0.22097156398104265,0.06516587677725119,0.03376777251184834,True
682254,246,0.3252032520325203,0.13008130081300814,0.024390243902439025,False
682274,84,0.25,0.10714285714285714,0.047619047619047616,False
682610,430,0.19534883720930232,0.1186046511627907,0.06976744186046512,True
682790,87,0.28735632183908044,0.13793103448275862,0.011494252873563218,False
682825,96,0.21875,0.17708333333333334,0.03125,False
682842,524,0.2862595419847328,0.12404580152671756,0.009541984732824428,False
682847,1407,0.19829424307036247,0.10092395167022032,0.029850746268656716,True
682989,125,0.176,0.168,0.04,False
682990,1131,0.1794871794871795,0.08488063660477453,0.03359858532272325,True
683003,504,0.2619047619047619,0.07738095238095238,0.03571428571428571,True
683004,819,0.21855921855921856,0.10256410256410256,0.030525030525030524,True
683155,645,0.16279069767441862,0.05426356589147287,0.04806201550387597,True
683175,201,0.29850746268656714,0.12935323383084577,0.04975124378109453,False
683232,586,0.25597269624573377,0.09044368600682594,0.025597269624573378,False
683409,408,0.17401960784313725,0.08088235294117647,0.049019607843137254,False
683618,131,0.21374045801526717,0.10687022900763359,0.030534351145038167,False
683627,424,0.15330188679245282,0.0660377358490566,0.04009433962264151,False
683769,825,0.22181818181818183,0.0703030303030303,0.03272727272727273,False
684007,1291,0.2300542215336948,0.043377226955848176,0.047250193648334625,True
684320,680,0.2235294117647059,0.11470588235294117,0.030882352941176472,False
685107,187,0.21390374331550802,0.0855614973262032,0.026737967914438502,False
685126,332,0.2289156626506024,0.08734939759036145,0.03614457831325301,False
685299,497,0.17706237424547283,0.04627766599597585,0.052313883299798795,True
685314,189,0.14285714285714285,0.13756613756613756,0.005291005291005291,False
685326,126,0.18253968253968253,0.1349206349206349,0.047619047619047616,True
685410,146,0.18493150684931506,0.0821917808219178,0.04794520547945205,True
685503,108,0.12962962962962962,0.10185185185185185,0.037037037037037035,True
685801,133,0.2706766917293233,0.07518796992481203,0.045112781954887216,False
686218,596,0.27348993288590606,0.09228187919463088,0.031879194630872486,True
686228,65,0.2153846153846154,0.12307692307692308,0.03076923076923077,False
686294,121,0.1322314049586777,0.0743801652892562,0.0743801652892562,False
686539,357,0.22408963585434175,0.0896358543417367,0.011204481792717087,False
686563,988,0.1791497975708502,0.07894736842105263,0.03744939271255061,True
686580,370,0.22702702702702704,0.05405405405405406,0.01891891891891892,False
686610,785,0.21019108280254778,0.10318471337579618,0.03694267515923567,True
686613,2248,0.26734875444839856,0.08229537366548043,0.02802491103202847,True
686642,175,0.2742857142857143,0.17714285714285713,0.022857142857142857,False
686651,55,0.16363636363636364,0.14545454545454545,0.01818181818181818,True
686654,79,0.17721518987341772,0.02531645569620253,0.10126582278481013,False
686701,323,0.2260061919504644,0.10835913312693499,0.02476780185758514,True
686730,534,0.19288389513108614,0.07677902621722846,0.0449438202247191,False
686747,219,0.1917808219178082,0.0639269406392694,0.0319634703196347,False
686751,72,0.2361111111111111,0.09722222222222222,0.05555555555555555,False
686752,1537,0.2530904359141184,0.09173715029277814,0.03643461288223813,True
686753,272,0.22426470588235295,0.09191176470588236,0.029411764705882353,False
686790,70,0.21428571428571427,0.04285714285714286,0.014285714285714285,True
686796,83,0.21686746987951808,0.12048192771084337,0.04819277108433735,False
686799,778,0.12467866323907455,0.08740359897172237,0.03598971722365039,True
686826,448,0.15848214285714285,0.11607142857142858,0.026785714285714284,False
686839,177,0.24858757062146894,0.0847457627118644,0.022598870056497175,False
686930,104,0.17307692307692307,0.10576923076923077,0.028846153846153848,True
686973,992,0.23588709677419356,0.06451612903225806,0.04233870967741935,False
686993,285,0.2596491228070175,0.07719298245614035,0.03508771929824561,False
687014,55,0.2545454545454545,0.05454545454545454,0.03636363636363636,False
687064,256,0.18359375,0.0859375,0.046875,True
687075,84,0.20238095238095238,0.08333333333333333,0.0,True
687134,422,0.11137440758293839,0.1018957345971564,0.04976303317535545,True
687223,175,0.15428571428571428,0.14285714285714285,0.05714285714285714,True
687330,725,0.21241379310344827,0.04551724137931035,0.027586206896551724,False
687362,155,0.2,0.1032258064516129,0.03870967741935484,True
687377,143,0.1958041958041958,0.13286713286713286,0.04195804195804196,False
687396,222,0.2927927927927928,0.08558558558558559,0.05405405405405406,False
687424,82,0.13414634146341464,0.08536585365853659,0.012195121951219513,False
687473,453,0.2141280353200883,0.07947019867549669,0.037527593818984545,True
687606,110,0.2545454545454545,0.07272727272727272,0.03636363636363636,False
687765,1026,0.1871345029239766,0.0682261208576998,0.03508771929824561,False
687792,382,0.2774869109947644,0.09424083769633508,0.028795811518324606,True
687798,161,0.2484472049689441,0.06832298136645963,0.037267080745341616,False
687830,215,0.24186046511627907,0.06511627906976744,0.046511627906976744,True
687849,76,0.21052631578947367,0.10526315789473684,0.013157894736842105,False
687863,311,0.2958199356913183,0.1189710610932476,0.03536977491961415,False
687888,318,0.2138364779874214,0.03459119496855346,0.040880503144654086,True
687911,387,0.26356589147286824,0.05426356589147287,0.028423772609819122,False
687922,204,0.19607843137254902,0.12254901960784313,0.03431372549019608,False
687924,140,0.1357142857142857,0.08571428571428572,0.05714285714285714,True
687931,102,0.1568627450980392,0.11764705882352941,0.058823529411764705,True
688107,114,0.14035087719298245,0.008771929824561403,0.017543859649122806,True
688138,350,0.16857142857142857,0.08857142857142856,0.037142857142857144,True
688158,196,0.2653061224489796,0.11734693877551021,0.02040816326530612,False
688297,256,0.1875,0.11328125,0.015625,False
688497,72,0.3055555555555556,0.1111111111111111,0.0,False
688642,138,0.13768115942028986,0.12318840579710146,0.036231884057971016,False
689017,504,0.23015873015873015,0.08134920634920635,0.051587301587301584,True
689147,593,0.26644182124789206,0.0893760539629005,0.01517706576728499,False
689225,896,0.19642857142857142,0.09040178571428571,0.03236607142857143,False
689254,246,0.26422764227642276,0.10975609756097561,0.028455284552845527,False
689266,309,0.15210355987055016,0.05825242718446602,0.045307443365695796,False
689672,190,0.13157894736842105,0.11052631578947368,0.042105263157894736,True
689690,230,0.21304347826086956,0.0782608695652174,0.034782608695652174,False
689981,81,0.2222222222222222,0.1111111111111111,0.012345679012345678,True
690544,138,0.16666666666666666,0.12318840579710146,0.043478260869565216,False
690829,190,0.22631578947368422,0.12105263157894737,0.010526315789473684,False
690916,280,0.175,0.08214285714285714,0.039285714285714285,True
690925,119,0.31932773109243695,0.15966386554621848,0.025210084033613446,False
690928,256,0.17578125,0.06640625,0.0234375,True
690953,174,0.22413793103448276,0.09195402298850575,0.04597701149425287,True
690986,835,0.22874251497005987,0.08023952095808383,0.03592814371257485,True
690990,476,0.20378151260504201,0.06932773109243698,0.02100840336134454,True
690997,188,0.30319148936170215,0.0851063829787234,0.02127659574468085,True
691172,69,0.2898550724637681,0.10144927536231885,0.028985507246376812,False
691251,78,0.1282051282051282,0.10256410256410256,0.02564102564102564,False
691587,759,0.28063241106719367,0.08300395256916997,0.03557312252964427,True
691594,54,0.018518518518518517,0.09259259259259259,0.07407407407407407,False
691799,157,0.34394904458598724,0.09554140127388536,0.0,False
691951,140,0.15714285714285714,0.14285714285714285,0.03571428571428571,True
692230,107,0.18691588785046728,0.11214953271028037,0.037383177570093455,False
692285,108,0.17592592592592593,0.14814814814814814,0.0,False
693312,436,0.22018348623853212,0.12155963302752294,0.01834862385321101,False
693313,156,0.16666666666666666,0.08333333333333333,0.057692307692307696,False
693433,1594,0.24717691342534504,0.052070263488080304,0.033249686323713924,True
693645,360,0.2722222222222222,0.08611111111111111,0.022222222222222223,True
693821,1878,0.18956336528221512,0.0825346112886049,0.03035143769968051,True
693855,242,0.2644628099173554,0.07851239669421488,0.02066115702479339,False
694037,432,0.26157407407407407,0.10185185185185185,0.020833333333333332,False
694297,2035,0.2221130221130221,0.05405405405405406,0.036855036855036855,True
694335,234,0.2905982905982906,0.08547008547008547,0.01282051282051282,False
694350,138,0.2028985507246377,0.10869565217391304,0.057971014492753624,False
694361,127,0.25984251968503935,0.14173228346456693,0.0,False
694363,633,0.15481832543443919,0.10110584518167456,0.02527646129541864,False
694462,265,0.2188679245283019,0.11320754716981132,0.022641509433962263,True
694477,534,0.25842696629213485,0.07677902621722846,0.028089887640449437,True
694646,69,0.17391304347826086,0.2028985507246377,0.057971014492753624,False
694738,693,0.215007215007215,0.10245310245310245,0.01875901875901876,True
694813,732,0.1885245901639344,0.06830601092896176,0.03551912568306011,True
694819,319,0.322884012539185,0.10658307210031348,0.02821316614420063,True
694851,61,0.19672131147540983,0.16393442622950818,0.03278688524590164,False
694918,78,0.1282051282051282,0.1282051282051282,0.05128205128205128,True
694973,1247,0.3095429029671211,0.05934242181234964,0.016840417000801924,True
695076,128,0.171875,0.109375,0.0,True
695243,631,0.40253565768621236,0.10301109350237718,0.020602218700475437,False
695418,546,0.1978021978021978,0.07875457875457875,0.031135531135531136,False
695445,148,0.24324324324324326,0.060810810810810814,0.0472972972972973,False
695505,193,0.35233160621761656,0.08290155440414508,0.025906735751295335,True
695549,246,0.16666666666666666,0.11382113821138211,0.028455284552845527,True
696131,169,0.1834319526627219,0.08875739644970414,0.04142011834319527,True
696136,426,0.18544600938967137,0.07511737089201878,0.03755868544600939,True
696147,171,0.1871345029239766,0.12280701754385964,0.005847953216374269,False
696149,124,0.25,0.03225806451612903,0.016129032258064516,True
696270,72,0.2222222222222222,0.06944444444444445,0.05555555555555555,False
700187,81,0.30864197530864196,0.08641975308641975,0.04938271604938271,False
700241,486,0.15637860082304528,0.04526748971193416,0.026748971193415638,True
700249,840,0.2226190476190476,0.09166666666666666,0.034523809523809526,True
700270,119,0.15966386554621848,0.10084033613445378,0.025210084033613446,True
700363,336,0.20833333333333334,0.10416666666666667,0.044642857142857144,True
700669,224,0.20535714285714285,0.06696428571428571,0.013392857142857142,False
701487,133,0.20300751879699247,0.05263157894736842,0.03759398496240601,False
701519,158,0.1962025316455696,0.10759493670886076,0.0379746835443038,False
701542,843,0.24199288256227758,0.09015421115065243,0.036773428232502965,True
701552,91,0.1978021978021978,0.07692307692307693,0.03296703296703297,False
701581,506,0.25691699604743085,0.08300395256916997,0.037549407114624504,True
701643,189,0.17989417989417988,0.10052910052910052,0.021164021164021163,False
701656,99,0.3333333333333333,0.08080808080808081,0.030303030303030304,True
702056,171,0.3216374269005848,0.10526315789473684,0.023391812865497075,True
702070,556,0.20503597122302158,0.07733812949640288,0.03237410071942446,True
702352,545,0.1798165137614679,0.06605504587155964,0.027522935779816515,False
702674,193,0.21243523316062177,0.12953367875647667,0.07253886010362694,True
702795,78,0.10256410256410256,0.11538461538461539,0.05128205128205128,False
800048,165,0.23030303030303031,0.03636363636363636,0.024242424242424242,True
800049,297,0.13804713804713806,0.1111111111111111,0.03367003367003367,True
800311,69,0.17391304347826086,0.08695652173913043,0.08695652173913043,True
801139,75,0.25333333333333335,0.10666666666666667,0.06666666666666667,False
801403,441,0.18594104308390022,0.1111111111111111,0.04081632653061224,True
802419,50,0.14,0.14,0.06,False
804636,87,0.25287356321839083,0.10344827586206896,0.034482758620689655,True
805123,124,0.28225806451612906,0.08870967741935484,0.04838709677419355,False
805299,66,0.21212121212121213,0.12121212121212122,0.0,False
805673,531,0.24670433145009416,0.06591337099811675,0.04331450094161959,True
806185,613,0.2544861337683524,0.13050570962479607,0.03425774877650897,True
806188,230,0.18695652173913044,0.09130434782608696,0.013043478260869565,False
806960,199,0.21608040201005024,0.09045226130653267,0.04020100502512563,True
808963,204,0.16666666666666666,0.1323529411764706,0.029411764705882353,False
808967,1270,0.27874015748031494,0.07322834645669292,0.02047244094488189,True
813349,98,0.35714285714285715,0.05102040816326531,0.0,True
814005,55,0.2,0.05454545454545454,0.09090909090909091,True
815083,107,0.22429906542056074,0.102803738317757,0.037383177570093455,True
820862,152,0.2565789473684211,0.1513157894736842,0.05263157894736842,False
829272,173,0.17341040462427745,0.09826589595375723,0.05202312138728324,False
